Industry,Category,Image,Jan 2025,Feb 2025,Mar 2025,Apr 2025,May 2025,Jun 2025,Jul 2025,Aug 2025,Sep 2025,Oct 2025,Nov 2025,Dec 2025
Artificial Intelligence (AI),,,0.041888,0.058455,0.08975,0.1312,0.153064,2.284562,2.34433,2.364966,2.408633,2.432523,2.450406,2.47309
Machine Learning,,,0.021,0.021,0.021823,0.038252,0.051349,2.094498,2.094698,2.095269,2.096269,2.102244,2.105244,2.110904
Agentic AI,,,0.000571,0.002964,0.002964,0.008481,0.008481,2.064704,2.095954,2.095954,2.095954,2.095954,2.095954,2.095954
Generative AI,,,0.0005,0.0006,0.002367,0.016117,0.016556,2.059663,2.059863,2.062863,2.078763,2.080403,2.088403,2.088403
Autonomous Vehicles,,,0,0,0,0,0.001391,2.044248,2.044248,2.044248,2.044248,2.044248,2.044248,2.044248
Data Collection and Labeling,,,0,0,0,0,0,2.042857,2.042857,2.042857,2.042857,2.042857,2.042857,2.042857
Image Recognition,,,0,0,0,0,0,2.042857,2.042857,2.042857,2.042857,2.042857,2.042857,2.042857
FinTech,,,0.062,0.070158,0.074063,0.092924,0.100599,0.291768,0.303201,0.747097,0.781131,0.868047,1.068047,1.086631
Payments,,,0.014,0.070625,0.077514,0.077514,0.077514,0.09643,0.09643,0.537763,0.537763,0.587763,0.587763,0.591513
Financial Services,,,0.061,0.067625,0.069342,0.08716,0.09121,0.27788,0.27788,0.27788,0.303146,0.390138,0.590138,0.590138
SaaS,,,0.007567,0.01106,0.018334,0.037421,0.039185,0.056817,0.059683,0.068558,0.081733,0.094308,0.112325,0.572565
Trading Platform,,,0,0,0.001333,0.011733,0.011858,0.051858,0.051858,0.485192,0.485192,0.485192,0.485192,0.485192
E-Commerce Platforms,,,0.086667,0.086667,0.086667,0.086667,0.479524,0.479524,0.479524,0.479524,0.479524,0.479524,0.479524,0.479524
Construction,,,0,0,0.015,0.015,0.015,0.015,0.015,0.015,0.015,0.015,0.015,0.477083
Fleet Management,,,0,0,0,0,0,0,0,0,0,0,0,0.458333
Rental,,,0,0,0,0,0,0,0,0,0,0,0,0.458333
Cryptocurrency,,,0,0,0.001333,0.011733,0.011733,0.011733,0.011733,0.445067,0.445067,0.445067,0.445067,0.445067
Blockchain,,,0,0,0.001333,0.001333,0.001333,0.001333,0.008833,0.442167,0.442167,0.442167,0.442167,0.442167
Bitcoin,,,0,0,0.001333,0.001333,0.001333,0.001333,0.001333,0.434667,0.434667,0.434667,0.434667,0.438417
Food Delivery,,,0,0,0,0,0.392857,0.392857,0.394107,0.410774,0.41494,0.41494,0.41494,0.41494
Delivery,,,0,0,0,0,0.392857,0.392857,0.392857,0.409524,0.41369,0.41369,0.41369,0.41369
Marketplace,,,0,0,0,0.0001,0.392957,0.392957,0.400457,0.401029,0.401029,0.405029,0.405029,0.405789
Online Portals,,,0,0,0,0,0.392857,0.392857,0.392857,0.392857,0.392857,0.392857,0.392857,0.392857
Enterprise Software,,,0.003,0.003,0.00574,0.022169,0.138002,0.151407,0.182657,0.182657,0.312679,0.312929,0.341729,0.341729
Prediction Markets,,,0,0,0,0,0,0.037,0.037,0.0415,0.0419,0.1019,0.3019,0.3019
Financial Exchanges,,,0,0,0,0,0.000125,0.037125,0.039892,0.039892,0.040292,0.100292,0.300292,0.300292
Predictive Analytics,,,0,0,0,0,0,0.037557,0.037557,0.037557,0.037957,0.097957,0.297957,0.297957
Human Resources,,,0,0.051,0.051854,0.051854,0.177169,0.181669,0.18272,0.18272,0.182886,0.232886,0.232886,0.232886
Bookkeeping and Payroll,,,0,0.05,0.05,0.05,0.1625,0.1625,0.162667,0.162667,0.162667,0.212667,0.212667,0.212667
Productivity Tools,,,0.01,0.0101,0.0101,0.0101,0.0101,0.048716,0.048716,0.056716,0.169841,0.169841,0.169841,0.169841
Energy,,,0.11065,0.11065,0.11065,0.11065,0.11065,0.110721,0.110721,0.110721,0.110721,0.115721,0.124888,0.167745
E-Commerce,,,0.093333,0.099958,0.121314,0.121314,0.121314,0.121314,0.124189,0.140856,0.145022,0.152022,0.152022,0.152022
Compliance,,,0.000125,0.050125,0.051696,0.051696,0.051696,0.051696,0.073124,0.073124,0.073124,0.123124,0.123124,0.123124
Collaboration,,,0.002541,0.002641,0.002641,0.002641,0.002641,0.002641,0.002641,0.002641,0.115766,0.115766,0.115766,0.115766
Employment,,,0,0.001,0.001,0.001,0.1135,0.1135,0.114551,0.114551,0.114551,0.114551,0.114551,0.114551
Recruiting,,,0,0.05,0.050125,0.050125,0.061315,0.061315,0.061315,0.061315,0.061481,0.111481,0.111481,0.111481
Renewable Energy,,,0.10625,0.10625,0.10625,0.10625,0.10625,0.10625,0.10625,0.10625,0.10625,0.11125,0.11125,0.11125
Manufacturing,,,0,0,0.055833,0.055833,0.055833,0.062134,0.062134,0.062134,0.062134,0.062134,0.064554,0.107411
Environmental Engineering,,,0.10625,0.10625,0.10625,0.10625,0.10625,0.106354,0.106354,0.106354,0.106354,0.106354,0.106354,0.106354
Nuclear,,,0.10625,0.10625,0.10625,0.10625,0.10625,0.10625,0.10625,0.10625,0.10625,0.10625,0.10625,0.10625
Information Services,,,0,0.051,0.051,0.051,0.0519,0.053814,0.053814,0.053814,0.053814,0.103814,0.103814,0.103814
Health Care,,,0.022396,0.033913,0.040852,0.050345,0.080825,0.082905,0.086556,0.086561,0.086568,0.098436,0.099269,0.10019
Web Hosting,,,0,0,0,0.0001,0.0001,0.0001,0.0001,0.0001,0.1001,0.1001,0.1001,0.1001
Developer Tools,,,0,0,0.000083,0.001583,0.012383,0.026967,0.064016,0.066416,0.087158,0.090598,0.100023,0.100023
File Sharing,,,0,0,0,0,0,0,0,0,0.1,0.1,0.1,0.1
Private Cloud,,,0,0,0,0,0,0,0,0,0.1,0.1,0.1,0.1
Fashion,,,0.086667,0.086667,0.096667,0.096667,0.096667,0.096667,0.096667,0.096667,0.096667,0.096667,0.096667,0.096667
Big Data,,,0.000571,0.000571,0.01638,0.02138,0.03138,0.083377,0.083377,0.083377,0.083377,0.083377,0.083377,0.083377
Analytics,,,0.021571,0.021571,0.023571,0.0404,0.040414,0.056537,0.056537,0.056577,0.080377,0.080377,0.080377,0.080377
Hardware,,,0.0084,0.0084,0.0084,0.0134,0.0134,0.0634,0.0634,0.0634,0.0634,0.0634,0.072567,0.076915
Real Estate,,,0.002541,0.002541,0.002541,0.002698,0.002698,0.069365,0.069365,0.069365,0.069365,0.069365,0.069365,0.073115
Aerospace,,,0,0.001667,0.001667,0.001667,0.002167,0.012457,0.012457,0.012457,0.012457,0.01479,0.01729,0.067248
AI Infrastructure,,,0,0,0,0.012,0.012,0.062,0.062,0.062,0.062,0.062,0.062,0.062
Power Grid,,,0.0044,0.0044,0.0044,0.0044,0.0044,0.0044,0.0044,0.0044,0.0044,0.0044,0.013567,0.056424
Finance,,,0,0.006625,0.007625,0.02031,0.024895,0.024895,0.025895,0.025895,0.03902,0.055687,0.055687,0.055687
Semiconductor,,,0,0,0,0.005,0.005,0.055618,0.055618,0.055618,0.055618,0.055618,0.055618,0.055618
Quantum Computing,,,0,0,0,0.005,0.005,0.055,0.055,0.055,0.055,0.055,0.055,0.055
Video,,,0,0,0.045833,0.045833,0.045833,0.045833,0.045833,0.045833,0.045833,0.045833,0.053833,0.053833
Banking,,,0.048,0.048,0.048,0.051,0.051,0.051583,0.051583,0.051583,0.051583,0.051583,0.051583,0.051583
Supply Chain Management,,,0,0.00025,0.046806,0.046806,0.046806,0.046806,0.046806,0.046806,0.046806,0.046806,0.049226,0.049226
Security,,,0,0.002767,0.0486,0.0486,0.0486,0.0486,0.0486,0.0486,0.0486,0.0486,0.0486,0.0486
Business Travel,,,0.047,0.047,0.047,0.047,0.047,0.047,0.047,0.047,0.047,0.047,0.047,0.047
Credit Cards,,,0.047,0.047,0.047,0.047,0.047,0.047,0.047,0.047,0.047,0.047,0.047,0.047
Law Enforcement,,,0,0,0.045833,0.045833,0.045833,0.045833,0.045833,0.045833,0.045833,0.045833,0.045833,0.045833
Public Safety,,,0,0,0.045833,0.045833,0.045833,0.045833,0.045833,0.045833,0.045833,0.045833,0.045833,0.045833
Sensor,,,0,0,0.045833,0.045833,0.045833,0.045833,0.045833,0.045833,0.045833,0.045833,0.045833,0.045833
Software Engineering,,,0,0,0,0.016429,0.016429,0.030429,0.030629,0.030629,0.045629,0.045629,0.045629,0.045629
Biotechnology,,,0,0,0,0,0,0.008307,0.008407,0.008452,0.008452,0.039935,0.039935,0.044879
Impact Investing,,,0,0,0,0.004019,0.004019,0.044019,0.044019,0.044019,0.044019,0.044019,0.044019,0.044019
Advanced Materials,,,0,0,0,0,0,0,0,0,0,0,0,0.042857
Air Transportation,,,0,0,0,0,0,0,0,0,0,0,0,0.042857
Energy Management,,,0,0,0,0,0,0,0,0,0,0,0,0.042857
Developer Platform,,,0,0.001,0.001,0.001,0.0013,0.0153,0.0153,0.0153,0.0334,0.03464,0.04264,0.04264
Cloud Computing,,,0,0,0,0,0,0.000618,0.031868,0.031868,0.031868,0.031868,0.041293,0.041293
Robotics,,,0.0015,0.006067,0.011067,0.011067,0.011067,0.035153,0.035153,0.035153,0.035153,0.035153,0.035986,0.040335
Funding Platform,,,0,0,0,0,0,0.04,0.04,0.04,0.04,0.04,0.04,0.04
Identity Management,,,0,0.006625,0.006625,0.006646,0.006646,0.006646,0.037896,0.037896,0.037896,0.037896,0.037896,0.037896
Open Source,,,0,0,0.005833,0.007333,0.007333,0.021333,0.022167,0.022167,0.037167,0.037167,0.037167,0.037167
Therapeutics,,,0,0,0,0,0,0.00525,0.00525,0.005255,0.005255,0.036738,0.036738,0.036738
Developer APIs,,,0,0,0,0.0149,0.035083,0.035666,0.035666,0.035666,0.035666,0.035666,0.035666,0.035666
Military,,,0.01,0.01,0.01,0.01,0.01,0.032573,0.032573,0.032573,0.032573,0.032573,0.032573,0.032573
Food and Beverage,,,0.003,0.003,0.008556,0.008556,0.008556,0.008556,0.009806,0.026472,0.032031,0.032031,0.032031,0.032355
Wealth Management,,,0,0,0,0,0,0.02,0.02,0.02,0.025894,0.025894,0.025894,0.028728
Data Management,,,0,0.0013,0.0013,0.0067,0.0067,0.017929,0.017929,0.017929,0.017929,0.017929,0.017929,0.027929
Cyber Security,,,0.000025,0.000025,0.000025,0.000855,0.00098,0.00098,0.022409,0.022409,0.022409,0.022409,0.025909,0.025909
Business Development,,,0,0,0.0252,0.0252,0.02586,0.02586,0.02586,0.02586,0.02586,0.02586,0.02586,0.02586
Legal Tech,,,0,0,0,0.003,0.01419,0.014356,0.014356,0.014356,0.014356,0.014356,0.014356,0.024356
Drones,,,0,0,0.015,0.015,0.015,0.0234,0.0234,0.0234,0.0234,0.0234,0.0234,0.0234
Business Process Automation (BPA),,,0,0.00875,0.014583,0.014583,0.014583,0.014583,0.014583,0.014583,0.023383,0.023383,0.023383,0.023383
Subscription Service,,,0.006667,0.006667,0.006667,0.006667,0.006667,0.006667,0.023333,0.023333,0.023333,0.023333,0.023333,0.023333
Life Science,,,0,0,0,0,0,0.006393,0.006493,0.006533,0.006533,0.022016,0.022016,0.022936
Legal,,,0,0,0,0,0.001007,0.001174,0.022602,0.022602,0.022602,0.022602,0.022602,0.022602
Consumer Goods,,,0,0,0,0,0,0,0.001625,0.018292,0.022458,0.022458,0.022458,0.022458
Computer,,,0,0,0,0,0,0,0,0,0,0,0.0223,0.0223
Mobile Payments,,,0,0.006625,0.006625,0.012292,0.022292,0.022292,0.022292,0.022292,0.022292,0.022292,0.022292,0.022292
Pharmaceutical,,,0,0,0,0,0,0.00525,0.00525,0.00525,0.00525,0.02125,0.02125,0.02217
Risk Management,,,0,0,0,0,0,0.000032,0.021461,0.021461,0.021461,0.021461,0.021461,0.021461
Hospital,,,0.021,0.021,0.021,0.021,0.021,0.021,0.021,0.021,0.021006,0.021006,0.021006,0.021006
Health Diagnostics,,,0,0,0.005776,0.012776,0.012776,0.012776,0.012776,0.012776,0.012776,0.012776,0.013609,0.020859
Small and Medium Businesses,,,0,0,0,0,0,0.02,0.02,0.02,0.02,0.02,0.02,0.02
Email Marketing,,,0,0,0,0,0,0,0.016667,0.019667,0.019667,0.019667,0.019667,0.019667
Logistics,,,0,0.001417,0.017217,0.017217,0.017217,0.017217,0.018467,0.019038,0.019038,0.019038,0.019038,0.019038
Retail,,,0,0,0.0158,0.0158,0.0158,0.0158,0.0158,0.0158,0.0158,0.0188,0.0188,0.0188
Industrial Engineering,,,0,0,0,0,0,0.017857,0.017857,0.017857,0.017857,0.017857,0.017857,0.017857
Infrastructure,,,0,0,0,0,0,0.017857,0.017857,0.017857,0.017857,0.017857,0.017857,0.017857
Transportation,,,0,0.004533,0.004533,0.004533,0.005033,0.014767,0.014767,0.014767,0.014767,0.0171,0.0171,0.0171
Content Creators,,,0,0,0,0,0,0,0.016667,0.016667,0.016667,0.016667,0.016667,0.016667
Media and Entertainment,,,0,0,0,0,0,0,0.016667,0.016667,0.016667,0.016667,0.016667,0.016667
News,,,0,0,0,0,0,0,0.016667,0.016667,0.016667,0.016667,0.016667,0.016667
Publishing,,,0,0,0,0,0,0,0.016667,0.016667,0.016667,0.016667,0.016667,0.016667
Simulation,,,0,0,0,0.016429,0.016429,0.016429,0.016429,0.016429,0.016429,0.016429,0.016429,0.016429
Medical,,,0.000271,0.000271,0.006597,0.013597,0.014244,0.014244,0.014244,0.014249,0.014249,0.014249,0.015282,0.015282
Mapping Services,,,0,0,0.015,0.015,0.015,0.015,0.015,0.015,0.015,0.015,0.015,0.015
Wellness,,,0.000271,0.000271,0.006047,0.006047,0.006047,0.006047,0.006047,0.014797,0.014797,0.014797,0.014797,0.014797
Drone Management,,,0,0,0,0,0,0.014629,0.014629,0.014629,0.014629,0.014629,0.014629,0.014629
Business Intelligence,,,0.000571,0.000571,0.000571,0.003571,0.003571,0.004129,0.004129,0.004129,0.004129,0.004129,0.004129,0.014129
Non Profit,,,0,0,0.000008,0.013758,0.013758,0.013758,0.013758,0.013758,0.013758,0.013758,0.013758,0.013758
Internet of Things,,,0.0044,0.0044,0.0044,0.004557,0.004557,0.004557,0.004557,0.004557,0.004557,0.004557,0.013724,0.013724
Hospitality,,,0,0,0,0.000157,0.000157,0.01349,0.01349,0.01349,0.01349,0.01349,0.01349,0.01349
Hotel,,,0,0,0,0,0,0.013333,0.013333,0.013333,0.013333,0.013333,0.013333,0.013333
Messaging,,,0,0,0,0,0,0,0,0,0.013131,0.013131,0.013131,0.013131
Telehealth,,,0,0,0.005776,0.012776,0.012776,0.012776,0.012776,0.012776,0.012776,0.012776,0.012776,0.012776
Medical Device,,,0.001271,0.004038,0.004651,0.004651,0.004651,0.004651,0.004651,0.004651,0.004651,0.004651,0.005484,0.012734
Consulting,,,0,0,0,0,0.007333,0.007333,0.007333,0.007333,0.007333,0.007333,0.012333,0.012333
Billing,,,0,0.010893,0.010893,0.010893,0.010893,0.010893,0.010893,0.010893,0.011893,0.011893,0.011893,0.011893
Test and Measurement,,,0,0,0,0,0,0.006229,0.010754,0.010754,0.010754,0.010754,0.010754,0.010754
Electronics,,,0.006667,0.006667,0.006667,0.006667,0.006667,0.006667,0.006667,0.006667,0.006667,0.006667,0.006667,0.01069
Women's,,,0,0,0.01,0.01,0.01048,0.01048,0.01048,0.01048,0.010647,0.010647,0.010647,0.010647
Beauty,,,0,0,0,0,0,0,0.001625,0.010375,0.010375,0.010375,0.010375,0.010375
Personal Health,,,0,0,0.00055,0.00755,0.00755,0.00755,0.01005,0.01005,0.01005,0.01005,0.01005,0.01005
Textiles,,,0,0,0.01,0.01,0.01,0.01,0.01,0.01,0.01,0.01,0.01,0.01
Fertility,,,0,0,0,0,0,0,0.0025,0.0025,0.0025,0.0025,0.0025,0.00975
Intellectual Property,,,0,0,0,0,0,0,0,0,0.0096,0.0096,0.0096,0.0096
CRM,,,0,0,0.0001,0.0001,0.0001,0.003767,0.003767,0.008933,0.008933,0.008933,0.008933,0.008933
InsurTech,,,0,0,0,0,0,0,0.002767,0.005329,0.005429,0.008754,0.008754,0.008754
Transaction Processing,,,0,0.00875,0.00875,0.00875,0.00875,0.00875,0.00875,0.00875,0.00875,0.00875,0.00875,0.00875
Data Integration,,,0,0,0,0.0015,0.0015,0.0015,0.0015,0.0015,0.0015,0.0085,0.0085,0.0085
Credit,,,0,0,0,0.001442,0.001442,0.001442,0.001442,0.001442,0.001442,0.008442,0.008442,0.008442
Marketing Automation,,,0,0,0,0,0,0.005,0.005,0.005,0.005,0.00515,0.00515,0.007983
Non-Fungible Token (NFT),,,0,0,0,0,0,0,0.0075,0.0075,0.0075,0.0075,0.0075,0.0075
Cloud Security,,,0,0,0,0,0,0.005333,0.007115,0.007115,0.007115,0.007115,0.007115,0.007115
Credit Bureau,,,0,0,0,0,0,0,0,0,0,0.007,0.007,0.007
Nutrition,,,0,0,0,0.007,0.007,0.007,0.007,0.007,0.007,0.007,0.007,0.007
Biometrics,,,0,0.006625,0.006625,0.006625,0.006625,0.006625,0.006625,0.006625,0.006625,0.006625,0.006625,0.006625
Advertising,,,0,0.0044,0.0044,0.0044,0.00495,0.0065,0.0065,0.0065,0.0065,0.0065,0.0065,0.0065
Customer Service,,,0,0,0,0,0,0,0,0.005167,0.006467,0.006467,0.006467,0.006467
Technical Support,,,0,0,0,0,0,0,0,0.005167,0.006467,0.006467,0.006467,0.006467
Employee Benefits,,,0,0.001,0.001,0.001,0.001,0.00642,0.00642,0.00642,0.00642,0.00642,0.00642,0.00642
Retail Technology,,,0,0.0044,0.0044,0.0064,0.0064,0.0064,0.0064,0.0064,0.0064,0.0064,0.0064,0.0064
Insurance,,,0,0,0,0,0,0.000032,0.000032,0.002595,0.00307,0.006395,0.006395,0.006395
Clean Energy,,,0,0,0,0,0,0.006229,0.006229,0.006229,0.006229,0.006229,0.006229,0.006229
Professional Services,,,0,0,0,0,0,0.006229,0.006229,0.006229,0.006229,0.006229,0.006229,0.006229
Wind Energy,,,0,0,0,0,0,0.006229,0.006229,0.006229,0.006229,0.006229,0.006229,0.006229
Personal Finance,,,0,0,0,0,0,0,0,0,0.005894,0.005894,0.005894,0.005894
Cloud Data Services,,,0,0,0,0,0,0,0,0,0.005847,0.005847,0.005847,0.005847
Space Travel,,,0,0.001667,0.001667,0.001667,0.002167,0.0035,0.0035,0.0035,0.0035,0.005833,0.005833,0.005833
Men's,,,0,0,0.005776,0.005776,0.005776,0.005776,0.005776,0.005776,0.005776,0.005776,0.005776,0.005776
Enterprise Resource Planning (ERP),,,0,0,0.005656,0.005656,0.005656,0.005656,0.005656,0.005656,0.005656,0.005656,0.005656,0.005656
Network Security,,,0,0,0,0.000021,0.000021,0.005355,0.005355,0.005355,0.005355,0.005355,0.005355,0.005355
Privacy,,,0,0,0,0,0,0,0.001781,0.001781,0.001781,0.001781,0.005281,0.005281
Solar,,,0,0,0,0.000157,0.000157,0.000157,0.000157,0.000157,0.000157,0.005157,0.005157,0.005157
Sales Automation,,,0,0,0.0001,0.0021,0.0021,0.0021,0.0021,0.0021,0.0049,0.00505,0.00505,0.00505
Lead Generation,,,0.0005,0.0005,0.0005,0.0005,0.0005,0.0005,0.0005,0.0005,0.002,0.00215,0.00215,0.004983
Data Storage,,,0,0,0,0.002,0.002,0.002,0.002,0.002,0.002,0.002,0.004667,0.004667
Web Development,,,0,0,0,0.000267,0.000267,0.000267,0.000267,0.0046,0.0046,0.0046,0.0046,0.0046
Consumer Electronics,,,0,0.004567,0.004567,0.004567,0.004567,0.004567,0.004567,0.004567,0.004567,0.004567,0.004567,0.004567
A/B Testing,,,0,0,0,0,0,0,0.004524,0.004524,0.004524,0.004524,0.004524,0.004524
Gambling,,,0,0,0,0,0,0,0,0.0045,0.0045,0.0045,0.0045,0.0045
Sports,,,0,0,0,0,0,0,0,0.0045,0.0045,0.0045,0.0045,0.0045
Mobile Advertising,,,0,0.0044,0.0044,0.0044,0.0044,0.0044,0.0044,0.0044,0.0044,0.0044,0.0044,0.0044
SMS,,,0,0.0044,0.0044,0.0044,0.0044,0.0044,0.0044,0.0044,0.0044,0.0044,0.0044,0.0044
Mining Technology,,,0.004,0.004,0.004,0.004,0.004,0.004032,0.004032,0.004032,0.004032,0.004032,0.004032,0.004032
Mineral,,,0.004,0.004,0.004,0.004,0.004,0.004,0.004,0.004,0.004,0.004,0.004,0.004
Mining,,,0.004,0.004,0.004,0.004,0.004,0.004,0.004,0.004,0.004,0.004,0.004,0.004
Photo Editing,,,0,0,0,0,0,0,0,0,0,0.004,0.004,0.004
Photography,,,0,0,0,0,0,0,0,0,0,0.004,0.004,0.004
Sales Enablement,,,0,0.002143,0.002143,0.002143,0.002143,0.002143,0.00231,0.00231,0.00381,0.00381,0.00381,0.00381
Architecture,,,0,0,0,0,0,0,0,0,0,0,0,0.00375
Civil Engineering,,,0,0,0,0,0,0,0,0,0,0,0,0.00375
Lending,,,0,0,0,0,0.00375,0.00375,0.00375,0.00375,0.00375,0.00375,0.00375,0.00375
EdTech,,,0,0,0.000125,0.000295,0.000295,0.000295,0.000395,0.000395,0.000562,0.000562,0.000562,0.003562
Education,,,0,0,0.000125,0.000295,0.000295,0.000295,0.000395,0.000395,0.000562,0.000562,0.000562,0.003562
Natural Language Processing,,,0,0,0,0,0.000014,0.000014,0.000014,0.000014,0.001514,0.001514,0.001514,0.003421
Search Engine,,,0,0,0.002,0.002,0.002,0.002,0.002,0.002,0.0033,0.0033,0.0033,0.0033
E-Learning,,,0,0,0,0.00017,0.00017,0.00017,0.00027,0.00027,0.00027,0.00027,0.00027,0.00327
DevOps,,,0,0,0,0,0.0009,0.0009,0.0009,0.0009,0.001,0.0032,0.0032,0.0032
Procurement,,,0,0,0,0,0.00066,0.00066,0.00066,0.00066,0.00066,0.00066,0.00308,0.00308
Graphic Design,,,0,0,0,0,0,0,0,0,0.003067,0.003067,0.003067,0.003067
Ride Sharing,,,0,0.00245,0.00245,0.00245,0.00245,0.00245,0.00245,0.003021,0.003021,0.003021,0.003021,0.003021
Home Services,,,0,0,0,0,0,0,0,0.003,0.003,0.003,0.003,0.003
Language Learning,,,0,0,0,0,0,0,0,0,0,0,0,0.003
Reputation,,,0,0,0,0,0,0,0,0.003,0.003,0.003,0.003,0.003
Restaurants,,,0.003,0.003,0.003,0.003,0.003,0.003,0.003,0.003,0.003,0.003,0.003,0.003
Quality Assurance,,,0,0,0,0,0.0029,0.0029,0.0029,0.0029,0.0029,0.0029,0.0029,0.0029
Sales,,,0,0.001,0.001,0.001167,0.001167,0.001167,0.001333,0.001333,0.002833,0.002833,0.002833,0.002833
Document Management,,,0,0,0,0,0,0,0.002767,0.002767,0.002767,0.002767,0.002767,0.002767
Cloud Storage,,,0,0,0,0,0,0,0,0,0,0,0.002667,0.002667
Auto Insurance,,,0,0,0,0,0,0,0,0.002563,0.002563,0.002563,0.002563,0.002563
Communities,,,0.002541,0.002541,0.002541,0.002541,0.002541,0.002541,0.002541,0.002541,0.002541,0.002541,0.002541,0.002541
Coworking,,,0.002541,0.002541,0.002541,0.002541,0.002541,0.002541,0.002541,0.002541,0.002541,0.002541,0.002541,0.002541
PropTech,,,0.002541,0.002541,0.002541,0.002541,0.002541,0.002541,0.002541,0.002541,0.002541,0.002541,0.002541,0.002541
Genetics,,,0,0,0,0,0,0,0.0025,0.0025,0.0025,0.0025,0.0025,0.0025
Satellite Communication,,,0,0,0,0,0,0,0,0,0,0,0.0025,0.0025
Telecommunications,,,0,0,0,0,0,0,0,0,0,0,0.0025,0.0025
Taxi Service,,,0,0.002143,0.002143,0.002143,0.002143,0.002143,0.002143,0.002143,0.002143,0.002143,0.002143,0.002143
Advertising Platforms,,,0,0,0,0,0.00055,0.0021,0.0021,0.0021,0.0021,0.0021,0.0021,0.0021
Digital Marketing,,,0,0,0,0,0.00055,0.0021,0.0021,0.0021,0.0021,0.0021,0.0021,0.0021
Digital Signage,,,0,0,0,0,0.00055,0.0021,0.0021,0.0021,0.0021,0.0021,0.0021,0.0021
Data Governance,,,0,0,0,0,0,0,0,0,0.002,0.002,0.002,0.002
Database,,,0,0,0.002,0.002,0.002,0.002,0.002,0.002,0.002,0.002,0.002,0.002
Semantic Search,,,0,0,0.002,0.002,0.002,0.002,0.002,0.002,0.002,0.002,0.002,0.002
Water,,,0,0,0,0,0,0.001914,0.001914,0.001914,0.001914,0.001914,0.001914,0.001914
Computer Vision,,,0,0,0,0,0,0,0,0,0,0,0,0.001907
Market Research,,,0,0,0.001767,0.001767,0.001767,0.001767,0.001767,0.001767,0.001767,0.001767,0.001767,0.001767
Cosmetics,,,0,0,0,0,0,0,0.001625,0.001625,0.001625,0.001625,0.001625,0.001625
Travel,,,0,0,0,0.000157,0.001548,0.001548,0.001548,0.001548,0.001548,0.001548,0.001548,0.001548
Tax Preparation,,,0,0.001533,0.001533,0.001533,0.001533,0.001533,0.001533,0.001533,0.001533,0.001533,0.001533,0.001533
Crowdfunding,,,0,0,0,0,0,0.001518,0.001518,0.001518,0.001518,0.001518,0.001518,0.001518
Corporate Training,,,0,0,0,0,0,0,0,0,0.0015,0.0015,0.0015,0.0015
Training,,,0,0,0,0,0,0,0,0,0.0015,0.0015,0.0015,0.0015
Delivery Service,,,0,0.000167,0.000167,0.000167,0.000167,0.000167,0.001417,0.001417,0.001417,0.001417,0.001417,0.001417
Automotive,,,0,0,0,0,0.001391,0.001391,0.001391,0.001391,0.001391,0.001391,0.001391,0.001391
Public Transportation,,,0,0,0,0,0.001391,0.001391,0.001391,0.001391,0.001391,0.001391,0.001391,0.001391
Virtual Workforce,,,0,0,0,0,0,0,0,0,0.0013,0.0013,0.0013,0.0013
Product Design,,,0,0,0,0,0,0,0.001275,0.001275,0.001275,0.001275,0.001275,0.001275
Bakery,,,0,0,0,0,0,0,0.00125,0.00125,0.00125,0.00125,0.00125,0.00125
Grocery,,,0,0,0,0,0,0,0.00125,0.00125,0.00125,0.00125,0.00125,0.00125
Electronic Health Record (EHR),,,0,0,0,0,0.000167,0.000167,0.000167,0.000167,0.000167,0.000167,0.0012,0.0012
Government,,,0.000025,0.000025,0.000025,0.000505,0.001165,0.001165,0.001165,0.001165,0.001165,0.001165,0.001165,0.001165
Agriculture,,,0,0,0,0,0,0.001143,0.001143,0.001143,0.001143,0.001143,0.001143,0.001143
AgTech,,,0,0,0,0,0,0.001143,0.001143,0.001143,0.001143,0.001143,0.001143,0.001143
Alternative Protein,,,0,0,0,0,0,0.001143,0.001143,0.001143,0.001143,0.001143,0.001143,0.001143
CleanTech,,,0,0,0,0,0,0.001143,0.001143,0.001143,0.001143,0.001143,0.001143,0.001143
Farming,,,0,0,0,0,0,0.001143,0.001143,0.001143,0.001143,0.001143,0.001143,0.001143
Cloud Infrastructure,,,0.000525,0.000525,0.000525,0.001005,0.001005,0.001088,0.001088,0.001088,0.001088,0.001088,0.001088,0.001088
Staffing Agency,,,0,0,0,0,0,0,0.001051,0.001051,0.001051,0.001051,0.001051,0.001051
College Recruiting,,,0,0,0,0,0.001007,0.001007,0.001007,0.001007,0.001007,0.001007,0.001007,0.001007
Augmented Reality,,,0.001,0.001,0.001,0.001,0.001,0.001,0.001,0.001,0.001,0.001,0.001,0.001
Enterprise Applications,,,0,0,0,0,0,0,0.001,0.001,0.001,0.001,0.001,0.001
Scheduling,,,0,0,0,0.001,0.001,0.001,0.001,0.001,0.001,0.001,0.001,0.001
Cloud Management,,,0,0,0,0,0.0009,0.0009,0.0009,0.0009,0.0009,0.0009,0.0009,0.0009
Gaming,,,0,0,0,0.0001,0.0001,0.0001,0.0001,0.0001,0.0001,0.0001,0.0001,0.00086
Fraud Detection,,,0,0,0.000717,0.000738,0.000738,0.000738,0.000738,0.000738,0.000738,0.000738,0.000738,0.000738
Shipping,,,0,0.000167,0.000167,0.000167,0.000167,0.000167,0.000167,0.000738,0.000738,0.000738,0.000738,0.000738
PaaS,,,0,0,0,0,0,0.000557,0.000557,0.000557,0.000682,0.000682,0.000682,0.000682
Field-Programmable Gate Array (FPGA),,,0,0,0,0,0,0.000618,0.000618,0.000618,0.000618,0.000618,0.000618,0.000618
Geospatial,,,0,0,0,0,0,0.00059,0.00059,0.00059,0.00059,0.00059,0.00059,0.00059
Consumer Software,,,0,0,0,0,0,0.000567,0.000567,0.000567,0.000567,0.000567,0.000567,0.000567
Industrial,,,0,0,0,0,0,0.000557,0.000557,0.000557,0.000557,0.000557,0.000557,0.000557
Marketing,,,0.0005,0.0005,0.0005,0.0005,0.0005,0.0005,0.0005,0.0005,0.0005,0.0005,0.0005,0.0005
Penetration Testing,,,0,0,0,0,0.0005,0.0005,0.0005,0.0005,0.0005,0.0005,0.0005,0.0005
Home Health Care,,,0,0,0,0,0.00048,0.00048,0.00048,0.00048,0.00048,0.00048,0.00048,0.00048
Alternative Medicine,,,0,0,0,0.00005,0.00005,0.00005,0.00005,0.00005,0.00005,0.0003,0.0003,0.0003
Freight Service,,,0,0.00025,0.00025,0.00025,0.00025,0.00025,0.00025,0.00025,0.00025,0.00025,0.00025,0.00025
Email,,,0,0,0,0,0,0,0,0,0.000167,0.000167,0.000167,0.000167
Emergency Medicine,,,0,0,0,0,0.000167,0.000167,0.000167,0.000167,0.000167,0.000167,0.000167,0.000167
Nursing and Residential Care,,,0,0,0,0,0,0.000167,0.000167,0.000167,0.000167,0.000167,0.000167,0.000167
Social,,,0,0,0,0,0,0,0,0,0.000167,0.000167,0.000167,0.000167
STEM Education,,,0,0,0,0,0,0,0,0,0.000167,0.000167,0.000167,0.000167
GreenTech,,,0,0,0,0.000157,0.000157,0.000157,0.000157,0.000157,0.000157,0.000157,0.000157,0.000157
Outdoors,,,0,0,0,0.000157,0.000157,0.000157,0.000157,0.000157,0.000157,0.000157,0.000157,0.000157
Chatbot,,,0,0,0,0,0,0,0,0,0,0.00015,0.00015,0.00015
Social Media,,,0,0,0,0,0,0,0,0,0,0.00015,0.00015,0.00015
GovTech,,,0,0,0,0,0,0,0,0.000125,0.000125,0.000125,0.000125,0.000125
Stock Exchanges,,,0,0,0,0,0.000125,0.000125,0.000125,0.000125,0.000125,0.000125,0.000125,0.000125
Wholesale,,,0,0,0,0,0,0,0,0,0.000125,0.000125,0.000125,0.000125
Assistive Technology,,,0,0,0,0,0,0,0,0,0.0001,0.0001,0.0001,0.0001
Bioinformatics,,,0,0,0,0,0,0,0.0001,0.0001,0.0001,0.0001,0.0001,0.0001
CMS,,,0,0,0,0.0001,0.0001,0.0001,0.0001,0.0001,0.0001,0.0001,0.0001,0.0001
Robotic Process Automation (RPA),,,0,0,0,0,0,0,0,0,0.0001,0.0001,0.0001,0.0001
Web Design,,,0,0,0,0.0001,0.0001,0.0001,0.0001,0.0001,0.0001,0.0001,0.0001,0.0001
Chemical,,,0,0,0,0,0,0.000071,0.000071,0.000071,0.000071,0.000071,0.000071,0.000071
Biopharma,,,0,0,0,0,0,0,0,0.00004,0.00004,0.00004,0.00004,0.00004
Data Mining,,,0,0,0.000008,0.000008,0.000008,0.000008,0.000008,0.000008,0.000008,0.000008,0.000008,0.000008
mHealth,,,0,0,0,0,0,0,0,0,0.000006,0.000006,0.000006,0.000006
