"id","source","url","proposal","harvest","cadence","caveat","live_checked"
"resource-misk-launchpad","Misk Launchpad","https://hub.misk.org.sa/en/programs/entrepreneurship/misk-launchpad/","high","Inspect public 10.0 admission and Ideate participant posts; extract only named founders with a specific unbuilt software concept. Capture admission date, product stage statement and full source URL, then audit team and vendor demand. Recheck at transition into Build.","weekly during admission and Ideate; every two weeks through Build","No public list is guaranteed. Do not treat program membership or free enrollment as budget evidence.","Selected official checks; see limitations"
"resource-the-garage","The Garage accelerator and incubator","https://thegarage.sa/","high_for_incubator_low_for_accelerator","Create child sources for incubator admissions, idea workshops, MVP Lab and accelerator. Extract named prototype teams only from the first three; use accelerator membership as a product-maturity check.","weekly around intake; monthly otherwise","Prototype/MVP labels need candidate-specific interpretation; a live MVP fails the user's first-product constraint.","Selected official checks; see limitations"
"resource-flat6labs-rsp","Flat6Labs Riyadh Seed Program","https://flat6labs.com/Location/ksa/","low","Before any new harvest, confirm current intake criteria; use individual company pages to check already-launched products. Do not accept a seed label as pre-build evidence.","on_candidate_demand","Not refreshed online in this review.","Stored source review only"
"resource-flat6labs-demo-days","Flat6Labs Riyadh Demo Day pages","https://flat6labs.com/demoday/flat6labs-fifth-demo-day-in-riyadh/","low","Use product descriptions and company links to resolve maturity; seek admissions instead if a pre-build intake is later documented.","on_candidate_demand","Not refreshed online in this review.","Stored source review only"
"resource-taqadam","KAUST TAQADAM Startup Accelerator","https://taqadam.kaust.edu.sa/","medium","Verify current admission criteria and isolate incoming teams with explicit first-product plans. Confirm grant award and allowable spending candidate by candidate.","new intake only","Not refreshed online in this review; no current pre-build eligibility asserted.","Stored source review only"
"resource-taqadam-showcases","KAUST TAQADAM showcase announcements","https://www.kaust.edu.sa/en/news/kaust-and-sab-celebrate-milestone-ninth-cohort-of-taqadam-accelerator-driving-global-innovation-into-the-kingdoms-ecosystem","low","Cross-check named candidates against completed products and current operations; do not use prize winners as default primary acquisition.","on_candidate_demand","Not refreshed online in this review.","Stored source review only"
"resource-code-software-accelerator","CODE Software Accelerator","https://code.mcit.gov.sa/sites/default/files/2024-08/CodeReportQ1V22Aug.pdf","low_pending_current_idea_stage_channel","Locate a current official challenge with explicit idea/prototype entry criteria before harvesting; confirm entrants are buyers rather than software vendors.","quarterly discovery pilot","No specific current challenge verified here.","Stored source review only"
"resource-monshaat-accelerators","Monsha'at Business Accelerators Program","https://www.monshaat.gov.sa/sites/default/files/guide/files/Services%20Guide%20Q2%202025%20%E2%80%93%20EN.pdf","medium","Use current SME Support Centre, Thakaa and sector-event pages to find public named owner cases; follow the business's own description of manual workflow and planned first system. Reject provider catalogues as buyer evidence.","monthly pilot","The verified workshop is historical and supplies no live buyer roster. General digital transformation interest often means off-the-shelf software adoption, not custom development.","Selected official checks; see limitations"
"resource-ntdp-products","NTDP startup-support products","https://ntdp.gov.sa/","medium_pending_verification","Verify current MVP Lab rules and public beneficiaries. For a named candidate, establish that the build remains uncontracted and distinguish cash support from provider-delivered services or cloud credits.","monthly and new intake announcements","Current eligibility and budget terms were not readable in this review. Never assume a grant is available to hire the user's business.","Selected official checks; see limitations"
"resource-sanabil-500","Sanabil Accelerator by 500 Global","https://mena.500.co/founders/mena/seed-accelerator","low","Use the cohort/company page to establish product maturity and exclude an already-launched core product. Pursue a candidate only if fresh, specific evidence establishes an eligible unbuilt product and very small team.","on_candidate_demand","MENA location alone does not establish Saudi operations.","Selected official checks; see limitations"
"biban-ewc","Entrepreneurship World Cup Global Finals","https://entrepreneurshipworldcup.com/100-startups-qualify-for-the-entrepreneurship-world-cup-global-finals-in-saudi-arabia/","low_for_general_finalists_medium_for_explicit_idea_tracks","Require an explicitly documented idea/pre-launch track and named participants before harvesting. For SME owners, require an owner-described first-software project; discard technology suppliers selling products.","edition_intake_check_only","No current idea-track eligibility verified in this review; do not assume one exists.","Stored source review only"
"biban-forum","Biban Forum startup and SME programme","https://my.gov.sa/en/events/1240833","low_for_general_finalists_medium_for_explicit_idea_tracks","Require an explicitly documented idea/pre-launch track and named participants before harvesting. For SME owners, require an owner-described first-software project; discard technology suppliers selling products.","edition_intake_check_only","No current idea-track eligibility verified in this review; do not assume one exists.","Stored source review only"
"leap-rocket-fuel","LEAP Rocket Fuel Startup Pitch Competition","https://onegiantleap.com/startup/rocketfuel-pitch-competition-stage","low_for_general_finalists_medium_for_explicit_idea_tracks","Require an explicitly documented idea/pre-launch track and named participants before harvesting. For SME owners, require an owner-described first-software project; discard technology suppliers selling products.","edition_intake_check_only","No current idea-track eligibility verified in this review; do not assume one exists.","Stored source review only"
"money20-middle-east-startups","Money20/20 Middle East Investor and Startup Programme","https://money2020middleeast.com/exhibitor/2025-exhibitors-list","low_for_general_finalists_medium_for_explicit_idea_tracks","Require an explicitly documented idea/pre-launch track and named participants before harvesting. For SME owners, require an owner-described first-software project; discard technology suppliers selling products.","edition_intake_check_only","No current idea-track eligibility verified in this review; do not assume one exists.","Stored source review only"
"svc-reports","Saudi Venture Capital Reports","https://svc.com.sa/en/reports/","low_for_acquisition_high_for_candidate_verification","Search only an already-discovered exact venture to verify financing, existing product, named founders and stage; label source role as corroboration or exclusion. Any new seed requires independent pre-build evidence.","on_candidate_demand","Class-level strategy recommendation based on the stored source definitions, not a fresh audit of each website.","Stored source review only"
"raed-portfolio","RAED Ventures Portfolio","https://raed.vc/portfolio/","low_for_acquisition_high_for_candidate_verification","Search only an already-discovered exact venture to verify financing, existing product, named founders and stage; label source role as corroboration or exclusion. Any new seed requires independent pre-build evidence.","on_candidate_demand","Class-level strategy recommendation based on the stored source definitions, not a fresh audit of each website.","Stored source review only"
"waed-portfolio-news","Wa'ed Ventures Portfolio and News","https://www.waed.com/","low_for_acquisition_high_for_candidate_verification","Search only an already-discovered exact venture to verify financing, existing product, named founders and stage; label source role as corroboration or exclusion. Any new seed requires independent pre-build evidence.","on_candidate_demand","Class-level strategy recommendation based on the stored source definitions, not a fresh audit of each website.","Stored source review only"
"impact46-portfolio-news","Impact46 Portfolio and News","https://impact46.sa/","low_for_acquisition_high_for_candidate_verification","Search only an already-discovered exact venture to verify financing, existing product, named founders and stage; label source role as corroboration or exclusion. Any new seed requires independent pre-build evidence.","on_candidate_demand","Class-level strategy recommendation based on the stored source definitions, not a fresh audit of each website.","Stored source review only"
"wamda-saudi-feed","Wamda Saudi Arabia News Feed","https://www.wamda.com/country/saudi-arabia","low_for_acquisition_high_for_candidate_verification","Search only an already-discovered exact venture to verify financing, existing product, named founders and stage; label source role as corroboration or exclusion. Any new seed requires independent pre-build evidence.","on_candidate_demand","Class-level strategy recommendation based on the stored source definitions, not a fresh audit of each website.","Stored source review only"
"launchx-riyadh","LaunchX Riyadh Founder Community and Demo Days","https://www.launch-x.ventures/","medium_experimental","Time-box a current named-founder pass; retain only explicit unbuilt concepts; record reviewed and accepted counts before giving the channel more time.","one 60-minute pilot, then yield-based","Not refreshed online here. Project Startup's stored evidence is from 2025.","Stored source review only"
"startsmart-saudi-2026","StartSmart Saudi Arabia finalist teams","https://www.startsmartsaudi.com/sites/default/files/2026-02/teams_1.pdf","medium_historical_revalidation","Keep the 9th-edition roster as a historical discovery queue and recheck every product today. Create a separate 10th-edition source; shortlist manual-service businesses only if the first core software product remains unbuilt.","one historical revalidation pass; then per new edition","The 10th-edition technical credits are not vendor cash. Do not carry the earlier edition's grants or stage assumptions into the new cohort.","Selected official checks; see limitations"
"lr-linkedin-intent-search","LinkedIn product-intent post search","https://www.linkedin.com/search/results/content/","high","Run small read-only recent-post searches for exact phrases such as looking for an app development company, MVP development partner, developing our first app, seeking a technical cofounder, أبحث عن شركة برمجة, تطوير تطبيق لمشروعي, نبحث عن شريك تقني, and نعمل على نموذج أولي, then apply Saudi geography terms. Tag paid vendor request, employee vacancy, equity-only co-founder request, or unclear separately; exact-name verification follows discovery.","two short passes weekly","These are proposed search phrases, not verified buyer posts. Cofounder or employee searches establish a possible capacity gap but not paid-vendor demand; public post visibility and commercial limits may constrain coverage.","Stored source review only"
"lr-linkedin-misk-entrepreneurship","Misk Entrepreneurship LinkedIn stream","https://www.linkedin.com/company/miskentrepreneurship","high","Read current official Ideate/Build cohort posts and founders' own statements. Ignore congratulations, likes and follower lists; attribute discovery to Misk plus this access channel.","weekly","Program site and its LinkedIn account are one underlying organization, not independent corroboration.","Selected official checks; see limitations"
"lr-linkedin-500-mena","500 MENA and Sanabil Startup Unlocked LinkedIn stream","https://www.linkedin.com/company/500mena","high_for_startup_unlocked_only","Inspect the next publicly announced Startup Unlocked intake and named participant introductions. Record the exact program name and cohort; investigate pre-MVP entrants before bootcamp completion.","monthly; weekly during active intake","The verified February 2026 event is past; no future date is asserted. Existing companies expanding into Saudi must be filtered out if their core product already operates.","Selected official checks; see limitations"
"lr-linkedin-zero-to-one","Zero to One | صفر لواحد LinkedIn page","https://www.linkedin.com/company/ztosa/","low","Use exact-venture lookup; only first-product plans enter the discovery queue.","on_candidate_demand","Publisher praise and engagement do not prove buying demand.","Stored source review only"
