"priority","id","name","company","proposal","original_score","original_band","recorded_stage","product_reason","team_reason","next_check","evidence_url"
"1","lead-jadi-bashayr-alabbad","Bashayr Alabbad","Jadi | جادي","Investigate first","15","A","idea","Founder/job evidence explicitly says the technical co-founder must build the student platform from the ground up.","A missing technical co-founder is a strong historical gap signal, not proof of current <=2 software capacity.","The role is closed and roughly four months old: verify present product and team, then check cash capacity because the offer is negotiable equity.","https://sa.linkedin.com/in/balabbad"
"1","lead-urcash-talal-alharbi","Talal Alharbi","urCASH","Investigate first","10","B","launched","Official-site evidence describes a waitlist rather than a public launch, contradicting the stored launched lifecycle label.","Founder says three co-founders and no employees. Their hands-on engineering roles and any contractors are unknown; zero employees is not zero developers.","Check current website/app-store state, audit all three co-founders and contributors, and establish funding or paid build capacity.","https://www.urcash.net/"
"1","lead-vision-mate-abdulrahman-almuqati-cipd","Abdulrahman Almuqati CIPD","Vision Mate","Investigate first","16","A","precompany","The recent role describes a pre-company concept requiring an AI wearable and mobile/cloud implementation.","A solo founder and company size of one are recorded, but a complete current roster including contractors and the founder's hands-on capacity is absent.","Confirm role remains open and no prototype is operational; audit delivery roster; look for cash/grant allocation because the offer is equity-based.","https://sa.linkedin.com/jobs/view/technical-co-founder-at-vision-mate-4460498663"
"1","lead-wathba-mashhoor-aldubayan","Mashhoor Aldubayan","Wathba | وثبة","Investigate first","16","A","launched","The original role explicitly asks one primary founding engineer to produce the first production MVP; this contradicts the stored launched label. The community website is not proof this intended product is launched.","The role suggests a delivery gap, but an approved architecture implies earlier technical contribution and hiring may since have completed.","Check original role closure and whether engineer was hired, confirm first MVP still unbuilt, audit current contributors and cash budget.","https://www.linkedin.com/posts/aldubayan_were-looking-for-a-founding-engineer-at-activity-7471873287841689600-uoLw"
"2","lead-bookmyguide-hayath-kargal","Hayath Kargal","BookMyGuide","Investigate first","8","C","beta","Founder-authored evidence says pre-MVP and planning Saudi pilots, contradicting beta. The coordinator's live recheck shows the post is approximately eight months old, so current product state remains unknown.","Two founders are mentioned but software roles and outside contributors are unknown.","First establish current Saudi presence/operations and whether the pre-MVP project remains active. Then audit product, both founders' technical roles and contributors. MVP Lab was an application, not an award or verified funding.","https://www.linkedin.com/posts/hayath-kargal-b0b17057_vision2030-ntdp-mvplab-activity-7412319001252618240-2TT5"
"3","lead-ballora-marya-fawaz","Marya Fawaz","Ballora","Hold for verification","11","B","unknown","Ballora is documented as a graduation project and conference platform; no source establishes the current software lifecycle or a commercial build decision.","Fawaz has front-end/design experience, but the full student/project engineering team is unknown.","Confirm active company/project ownership and authority (official roster names Ghadah Alshehri), current product state, all contributors and a funding path.","https://www.startsmartsaudi.com/sites/default/files/2026-02/teams_1.pdf"
"3","lead-gaia-badr-al-malluh","Badr Al-Malluh","Gaia","Hold for verification","6","C","unknown","Private early access may already contain functioning enterprise software; the stored evidence does not establish an unbuilt core platform.","One co-founder/CPTO (Mohammad Rababah) is identified. An 11–50 total band does not prove three engineers or a <=2 upper bound.","Low-priority check of actual product operation and current engineering roster; do not infer sufficient team from CPTO plus company-size band alone.","https://sa.linkedin.com/company/gaiaplatform"
"3","lead-greenvision-yara-alalawi","Yara Alalawi","GreenVision","Hold for verification","11","B","unknown","A cloud-dashboard prototype is explicitly described. That can be eligible, but it must be distinguished from already-operating deployed software.","Yara explicitly identifies herself as lead engineer/backend architect, establishing at least one builder; other team members and contractors are uncounted.","Confirm prototype-only state, current team with <=2 upper bound, commercial owner intent and available project funds.","https://www.startsmartsaudi.com/sites/default/files/2026-02/teams_1.pdf"
"3","lead-mara-omar-alsumih","Omar Alsumih","Mara | مرا","Hold for verification","6","C","beta","A first app version was demonstrated and sandbox testing is recorded. This proves some build work, but does not establish public/production operation or whether it remains a prototype.","Four total employees and a software-development company category do not prove four software builders or sufficient capacity.","Low-priority check whether app is operational or just a demo; then current technical-role count. Record the unpaid role/resource constraint as a budget issue.","https://www.linkedin.com/company/yourmara"
"3","lead-smart-quotation-radhi-alshammari","Radhi Alshammari","Smart Quotation","Hold for verification","12","B","unknown","The founder already describes an MVP and supplier onboarding. A company 'building' post does not establish whether the MVP is a mock-up, private pilot or operational product.","Internal leadership is mentioned but no role census exists.","First establish whether the MVP is functional/in use, then audit every current founder and engineer and identify a paid build need.","https://sa.linkedin.com/company/smart-quotation.sa"
"3","lead-suhail-shatha-khalid-alharbi","Shatha Khalid Alharbi | شذى الحربي","Suhail | سهيل","Hold for verification","9","C","precompany","The project advanced to an MVP-building program phase; participation does not tell us whether the MVP was subsequently completed or deployed.","Three co-founders are named and technical founders are mentioned, but individual active software roles are not enumerated; do not treat all three as developers automatically.","Check post-program product progress and the engineering roles of Shatha, Ghadah and Nada; then commercial ownership and funds.","https://sa.linkedin.com/in/shatha-khalid-alharbi/ar"
"3","lead-zakn-ai-zakaria-alnajar","Zakaria Alnajar","Zakn AI","Hold for verification","12","B","unknown","The phrase 'pre-launch idea/product validation' describes what Zakn helps customers do; it does not prove Zakn itself has no built product. Worker context calls it an active early product.","A prior external AI contributor is visible, but current engagement, founders' software roles and total capacity are unknown.","Inspect actual product availability and ask only public evidence whether it is a concept, prototype or usable validation platform; then audit current team and paid-build signals.","https://sa.linkedin.com/in/zakalnajar"
"4","lead-21doctors-osama-almabroum","Osama Almabroum","21Doctors","Exclude from campaign","13","B","unknown","The company describes an integrated digital-health platform being expanded into Saudi Arabia, with an existing development headquarters.","At least one named co-founder/CTO (Rania Abu Taleb) is visible; the full delivery team and any upper bound are unknown.","No priority recheck; existing platform plus development organization is outside the intended buyer stage.","https://www.linkedin.com/company/21doctorsmedical"
"4","lead-aila-yousef-alsayed","Yousef Alsayed","AILA","Exclude from campaign","12","B","operating","The official sources describe a live learning platform with 95,000 active users and institutions; funding extends current software.","Named founding team is not an enumerated software roster.","No priority recheck; exclude on operating software, not merely SME operating status.","https://www.wamda.com/2026/08/aila-raises-3-million-pre-series-a-expand-personalised-learning-platform"
"4","lead-athleads-app-marwan-alshayeb","Marwan AlShayeb","Athleads.app","Exclude from campaign","15","A","launched","The stored narrative describes a launched scouting/performance analytics platform, current client/investor activity and continued product work, not a first unbuilt app.","A 2–10 total company band cannot establish <=2 software builders.","Reopen only for a separately evidenced unbuilt product; verify platform operation first if exclusion is disputed.","https://www.linkedin.com/company/athleadsapp"
"4","lead-aya-munira-alkadi","Munira Alkadi","Aya","Exclude from campaign","12","B","unknown","The recorded commerce platform serves 100,000+ customers and is iterating a mature product.","A 60+ total team and software hiring do not specify an exact engineering count.","No priority recheck; this is a mature operating product.","https://www.kaust.edu.sa/en/news/four-kaust-innovators-named-to-forbes-middle-east-30-under-30-2025"
"4","lead-bookahospi-sebastian-jimenez","Sebastian Jimenez","Bookahospi","Exclude from campaign","13","B","unknown","The marketplace is explicitly described as live; recruitment/credentialing software already supports international hires.","An existing cross-market team is mentioned, but '60 hires' refers to placed healthcare workers, not Bookahospi staff.","No priority recheck; do not interpret placement counts as technical employees.","https://lanzadera.es/proyecto/bookahospi/"
"4","lead-cashin-omar-al-ramahi","Omar Al-Ramahi","Cashin","Exclude from campaign","10","B","operating","The official site presents operating payments/business-management software and an investor reports material processed transactions.","Unknown engineering count; total business scale alone is not counted as developers.","No priority recheck; first-product criterion fails on software already in operation.","https://impact46.sa/cashin-closes-sar-60-million-series-a-round-led-by-impact46-to-accelerate-automation-and-digitalization-of-fuel-and-energy-stations/"
"4","lead-coretechx-fahad-durukan","Fahad Durukan","CoreTechX","Exclude from campaign","12","B","launched","The evidence and qualification narrative describe an Arabic document-intelligence product already shipping.","'Likely internal AI development' is an inference, not a measured count.","No priority recheck; if revisited, establish product state before investigating team size.","https://flat6labs.com/flat6labs-hosts-sixth-demo-day-in-riyadh/"
"4","lead-desaisiv-mohammad-nabhan","Mohammad Nabhan","DESAISIV","Exclude from campaign","12","B","operating","The AI insurance/pricing product launch and existing live insurance products are explicit.","No complete technical-team count is recorded.","No priority recheck; an AI software vendor with launched products is outside first-product targeting.","https://www.wamda.com/2026/07/desaisiv-introduces-ai-powered-fair-market-pricing-engine-enterprises"
"4","lead-eden-nicolae-esanu","Nicolae Esanu","EDEN","Exclude from campaign","12","B","beta","The company explicitly states its MVP launched to a limited Riyadh cohort in December 2025 and reports live matching. A limited release is still a built functioning core product.","Software team count is unknown; the founder has technical systems experience but that is not an exact delivery-role count.","No priority recheck under the current unbuilt-product target.","https://www.edentravel.online/"
"4","lead-fitting-mohammed-al-mubayed","Mohammed Al-Mubayed","Fitting","Exclude from campaign","12","B","operating","The official site explicitly shows an operating digital procurement product with project/supply activity; this conclusion is not based on the operating label.","No complete software-team inventory exists.","No priority recheck; proposed infrastructure expansion extends an existing marketplace.","https://www.wamda.com/2026/08/saudi-contech-fitting-raises-1-1-million-seed-fuel-expansion"
"4","lead-ghanem-saleh-al-ghamdi","Saleh Al-Ghamdi","Ghanem","Exclude from campaign","10","B","operating","The official site presents a live fractional-property investment product; financing funds expansion.","The 11–50 total band leaves engineering count unknown.","No priority recheck; core product already operates.","https://ghanem.sa/en"
"4","lead-green-desert-technologies-abdulmajeed-hashem","Abdulmajeed Hashem","Green Desert Technologies","Exclude from campaign","9","C","launched","The product is algae-production hardware/automation; no specific unbuilt software project is evidenced. Exclusion is for missing software-project fit, not for an app launch.","Small technical founding team is described but software roles are unknown.","Reconsider only after a specific software brief is found; hardware fundraising is insufficient.","https://flat6labs.com/demoday/flat6labs-fifth-demo-day-in-riyadh/"
"4","lead-handl-hub-doaa-aref","Doaa Aref","Handl Hub","Exclude from campaign","15","A","unknown","The official product source describes a live early-access platform with integrations, execution features and monthly pricing. Early-access wording does not make an operational product unbuilt.","No technical-role inventory; integration complexity does not imply a team gap.","Retain as existing-product exclusion; reopen only if first-party evidence proves the page was a nonfunctional concept.","https://ecom.handlhub.com/"
"4","lead-juthor-lolwah-binsaedan","Lolwah Binsaedan","Juthor","Exclude from campaign","13","B","launched","The official company site describes a live orders/inventory/analytics platform with 10+ marketplace integrations.","Internal backend capacity is asserted in qualification notes, but no named full role inventory is preserved.","No priority recheck; core commerce platform is already built.","https://juthor.sa/"
"4","lead-kliq-asma-a-almaraghi","Asma'a AlMaraghi","KLIQ","Exclude from campaign","10","B","launched","The Saudi App Store listing establishes a public mobile app.","The 11–50 total band leaves engineering count unknown.","No priority recheck; preserve the App Store URL as exclusion evidence.","https://apps.apple.com/sa/app/get-kliq/id6749889392"
"4","lead-madak-abdulaziz-ghazi-alardi","Abdulaziz Ghazi Alardi","Madak","Exclude from campaign","16","A","launched","The recorded official app listing reports an existing Android app, July release and 10,000+ downloads. The target core product is already built.","Technical capacity is unknown; customer and investor counts do not supply a software-team count.","No priority recheck; retain exclusion unless a separate qualifying unbuilt venture is evidenced.","https://madak.app/en/"
"4","lead-medirect-alwaleed-altorabi","Alwaleed Altorabi","MEDirect","Exclude from campaign","14","B","launched","The stored company and founder evidence describes a live virtual-clinic SaaS product and diagnostic/payment integrations.","A 2–10 total employee band gives no upper bound of two developers.","No priority recheck; core product is already live.","https://www.linkedin.com/company/medirect-sa"
"4","lead-metafare-ibrahim-almaghlouth","Ibrahim Almaghlouth","Metafare","Exclude from campaign","11","B","operating","The first-party site has a live virtual-wellness product interface and recorded completed sessions; the company-operating tag alone is not the reason.","The 11–50 company band does not identify software capacity.","No priority recheck; its core platform is already operational.","https://www.wamda.com/en/2026/05/metafare-secures-1-million-scale-virtual-wellness-solutions"
"4","lead-mutim-abdulmohsin-hotami","Abdulmohsin Hotami","Mutim","Exclude from campaign","13","B","unknown","Founder-authored evidence says the platform launched, obtained a paying customer and onboarded 100+ HR experts. Forthcoming modules do not reverse that launch.","Two co-founders and a 2–10 employee band do not establish how many software builders are active.","No priority recheck; beta URL and unfinished modules are not evidence of an unbuilt core product.","https://www.linkedin.com/posts/hotamia_%D9%82%D8%A8%D9%84-%D8%AB%D9%85%D8%A7%D9%86%D9%8A%D8%A9-%D8%A3%D8%B4%D9%87%D8%B1-%D8%A7%D8%B3%D8%AA%D9%82%D9%84%D8%AA-%D9%85%D9%86-%D9%88%D8%B8%D9%8A%D9%81%D8%AA%D9%8A-%D8%A8%D8%B3%D8%A8%D8%A8-%D9%81%D9%83%D8%B1%D8%A9-activity-7428774643194531840-gY25"
"4","lead-najeeb-ai-ahmed-yasmina","Ahmed Yasmina","Najeeb.ai","Exclude from campaign","10","B","operating","The official site presents operating Arabic insurance-AI software; the funding is for additional products/integrations.","Some technical capability is inferred but not enumerated.","No priority recheck; existing product fails the target.","https://www.wamda.com/2025/10/saudi-insurtech-najeebai-closes-pre-seed-round"
"4","lead-nitx-mohammed-al-saad","Mohammed Al-Saad","Nitx","Exclude from campaign","13","B","unknown","The stored sources/narrative describe an established commercial advertising platform and expansion activity.","Visible staff are not mapped to software roles.","No priority recheck unless a distinct unbuilt initiative is documented.","https://hub.misk.org.sa/en/programs/entrepreneurship/misk-launchpad/"
"4","lead-nqoodlet-mohamed-milyani","Mohamed Milyani","Nqoodlet","Exclude from campaign","7","C","operating","The official site confirms live SME expense/card software; the main build/funding trigger is also older than twelve months.","No software-team audit exists.","No priority recheck; preserve both existing-product and stale-trigger reasons.","https://www.arabnews.com/finance/saudi-fintech-startup-nqoodlet-secures-3m-in-seed-funding-2599494"
"4","lead-ofintech-mohammed-alnoosh","Mohammed Alnoosh","OFINTECH","Exclude from campaign","13","B","unknown","Stored evidence describes an AI/open-banking business scaling an existing platform, rather than a founder with no software product.","At least one CTO-associated profile is recorded; nine total visible employees are not an engineering count.","No priority recheck; confirm platform operation if disputing the suggested exclusion.","https://www.linkedin.com/company/ofintech"
"4","lead-pickappo-waleed-ghloniem","Waleed Ghloniem","Pickappo","Exclude from campaign","12","B","operating","The first-party site presents live delivery-management software and orders; proposed AI/automation features extend a built core platform.","No software-team audit or external-builder request is recorded.","No priority recheck; new modules are outside the current first-product target.","https://www.wamda.com/ar/2026/06/pickappo-secures-530000-expand-demand-delivery-infrastructure"
"4","lead-qubit-abdullah-rashad","Abdullah Rashad","Qubit","Exclude from campaign","14","B","unknown","Current enterprise deployments, 140+ integrations and product releases describe built software.","Product/data capability is described but there is no complete engineering-role count.","No priority recheck; source can still discover younger founders.","https://www.linkedin.com/company/qubitksa"
"4","lead-remedium-fawaz-abu-ghazaleh","Fawaz Abu-Ghazaleh","Remedium","Exclude from campaign","12","B","operating","The official site describes live carbon-accounting software managing emissions; funding adds AI and modules.","Delivery capacity remains unknown.","No priority recheck; core product already exists.","https://www.wamda.com/2026/09/saudi-remedium-secures-1-5-million-expand-sustainability-accounting"
"4","lead-reporty-abdulbadea-altukroni","Abdulbadea Altukroni","Reporty","Exclude from campaign","13","B","launched","Stored official site and founder activity describe existing medical software, live trials and current operations.","A named CTO is recorded; further software capacity is unknown.","No priority recheck; the core reporting product exists.","https://www.dev.reporty.sa/about-us"
"4","lead-revora-formerly-myalice-shuvo-rahman","Shuvo Rahman","Revora (formerly MyAlice)","Exclude from campaign","13","B","unknown","Revora is explicitly an established SaaS platform formerly MyAlice, with growth, customers and current engineering hiring.","Engineering/product leadership and hiring do not give an exact current count, but do evidence active internal delivery.","No priority recheck; rebranding and beta features do not make the core SaaS product unbuilt.","https://userevora.com/about/"
"4","lead-rime-mohammed-almarshidi","Mohammed Almarshidi","RIME","Exclude from campaign","12","B","operating","The official site and source describe an operating video-intelligence product with deployed cameras/sites.","No complete software-role audit is recorded.","No priority recheck; funding supports an already-deployed software platform.","https://www.wamda.com/2026/08/saudi-startup-rime-raises-2-million-seed-round"
"4","lead-sighti-salim-noor","Salim Noor","Sighti","Exclude from campaign","13","B","unknown","The founder interview describes paid pilots and live deployments of the product; this is beyond an unbuilt core system.","The founder has software/AI capability and active senior-AI recruiting is recorded; current total remains unknown.","No priority recheck; a separate unbuilt product would require new evidence.","https://startupshouse.com/en/news/attliq-cohort-5-graduation/"
"4","lead-stoqa-abdulrahman-saud","Abdulrahman Saud","STOQA","Exclude from campaign","15","A","unknown","The Android app listing and company launch statement clearly evidence an already-built core product.","Sixteen visible employees are total employees, not sixteen developers; exact engineering count remains unknown.","No priority research; preserve the app URL as the exclusion evidence.","https://www.linkedin.com/company/stoqa-company"
"4","lead-supplai-azmi-negro","Azmi Negro","Supplai","Exclude from campaign","13","B","unknown","The co-founder and accelerator sources describe a live logistics/SaaS network with customers and shipments.","A fifteen-person operational team is not a fifteen-person software team; no technical count is available.","No priority recheck; operational software is already built.","https://www.linkedin.com/in/azminegro121"
"4","lead-swarm-robotics-mohammed-bukhamsin","Mohammed Bukhamsin","Swarm Robotics","Exclude from campaign","10","B","unknown","Stored evidence describes an operating robotics/software and turnkey automation offering; no specific first unbuilt custom-software project is documented.","A small specialist robotics team exists, but actual software roles are not enumerated.","Low priority; require a separate explicit unbuilt software initiative before reconsidering.","https://hub.misk.org.sa/en/programs/entrepreneurship/misk-launchpad/"
"4","lead-t-gate-fahad-alfaheid","Fahad Alfaheid","T-Gate","Exclude from campaign","11","B","launched","Recorded evidence describes a mature F&B integration platform with modules for orders, branches, inventory and POS/delivery.","An 11–50 total band is not a technical-role count.","No priority recheck; core software already exists.","https://www.linkedin.com/company/t-gate-company"
"4","lead-thedar-ai-mohy-aboualam","Mohy Aboualam","TheDar.AI","Exclude from campaign","14","B","launched","Enterprise use of the Arabic media-intelligence product and commercial shipping are already recorded.","Visible internal AI/product staff are not enumerated.","No priority recheck; this is an existing software offering.","https://onegiantleap.com/2026-speakers/mohy-aboualam"
"4","lead-think-ahmed-alsharif","Ahmed AlSharif","Think","Exclude from campaign","12","B","operating","Stored product/qualification evidence describes enterprise AI products and deployments, with new funds extending the vendor's product suite. No specific first unbuilt product is identified.","Technical leadership is asserted, but founders' exact software roles and total delivery count are unknown.","No priority recheck; if disputed, verify whether the target is a separately unbuilt product instead of existing enterprise AI delivery.","https://www.wamda.com/2026/07/think-gears-gcc-expansion-8-million-pre-seed-funding"
"4","lead-wadaie-abdullah-alandas","Abdullah Alandas","Wadaie","Exclude from campaign","10","B","operating","The official site has a live deposit marketplace with existing investor activity.","No software-role census exists.","No priority recheck; current platform is already operating.","https://www.wamda.com/en/2025/09/wadaie-closes-seed-round-led-venturesouq"
"4","lead-zahib-badr-alhader","Badr Alhader","Zahib","Exclude from campaign","10","B","operating","The official Saudi site links a live consumer app and describes a digital laundry marketplace.","Delivery capacity and software-role count are unknown.","No priority recheck; a service business can qualify only before the target core software is built.","https://www.zahib.sa/"
