"company","batch","yc_url"
"Aidy","W24","https://www.ycombinator.com/companies/aidy"
"Artos","W24","https://www.ycombinator.com/companies/artos"
"Astro Mechanica","W24","https://www.ycombinator.com/companies/astro-mechanica"
"atopile","W24","https://www.ycombinator.com/companies/atopile"
"BiteSight","W24","https://www.ycombinator.com/companies/bitesight"
"Blacksmith","W24","https://www.ycombinator.com/companies/blacksmith"
"Celest","W24","https://www.ycombinator.com/companies/celest"
"Centauri AI","W24","https://www.ycombinator.com/companies/centauri-ai"
"Cleva","W24","https://www.ycombinator.com/companies/cleva"
"CloudCruise","W24","https://www.ycombinator.com/companies/cloudcruise"
"CoCrafter","W24","https://www.ycombinator.com/companies/cocrafter"
"Consul","W24","https://www.ycombinator.com/companies/consul"
"CrowdVolt","W24","https://www.ycombinator.com/companies/crowdvolt"
"Datacurve","W24","https://www.ycombinator.com/companies/datacurve"
"DGI Apparel","W24","https://www.ycombinator.com/companies/dgi-apparel"
"Dime","W24","https://www.ycombinator.com/companies/dime-2"
"Driver","W24","https://www.ycombinator.com/companies/driver"
"Dropback","W24","https://www.ycombinator.com/companies/dropback"
"Elodin","W24","https://www.ycombinator.com/companies/elodin"
"Engines","W24","https://www.ycombinator.com/companies/engines"
"Eris Biotech","W24","https://www.ycombinator.com/companies/eris-biotech"
"Fileforge","W24","https://www.ycombinator.com/companies/fileforge"
"floatingpoint","W24","https://www.ycombinator.com/companies/floatingpoint"
"Fractal Labs","W24","https://www.ycombinator.com/companies/fractal-labs"
"Garage","W24","https://www.ycombinator.com/companies/garage-2"
"Givefront","W24","https://www.ycombinator.com/companies/givefront"
"GovernGPT","W24","https://www.ycombinator.com/companies/governgpt"
"Granza Bio","W24","https://www.ycombinator.com/companies/granza-bio"
"Gumloop","W24","https://www.ycombinator.com/companies/gumloop"
"Haplotype Labs","W24","https://www.ycombinator.com/companies/haplotype-labs"
"Hatchet","W24","https://www.ycombinator.com/companies/hatchet-run"
"Healia","W24","https://www.ycombinator.com/companies/healia"
"Indemni","W24","https://www.ycombinator.com/companies/indemni"
"Infinity","W24","https://www.ycombinator.com/companies/infinity"
"Junction Bioscience","W24","https://www.ycombinator.com/companies/junction-bioscience"
"Lucite","W24","https://www.ycombinator.com/companies/lucite"
"Maia","W24","https://www.ycombinator.com/companies/maia"
"malibou","W24","https://www.ycombinator.com/companies/malibou"
"Metofico","W24","https://www.ycombinator.com/companies/metofico"
"Miden","W24","https://www.ycombinator.com/companies/miden"
"Newton","W24","https://www.ycombinator.com/companies/newton"
"OddsView","W24","https://www.ycombinator.com/companies/oddsview"
"Oma Care","W24","https://www.ycombinator.com/companies/oma-care"
"Paradigm","W24","https://www.ycombinator.com/companies/paradigm"
"ParcelBio","W24","https://www.ycombinator.com/companies/parcelbio"
"PartnerHQ","W24","https://www.ycombinator.com/companies/partnerhq"
"Piramidal","W24","https://www.ycombinator.com/companies/piramidal"
"Polar","W24","https://www.ycombinator.com/companies/polar"
"Quivr","W24","https://www.ycombinator.com/companies/quivr"
"Relari","W24","https://www.ycombinator.com/companies/relari"
"renderlet","W24","https://www.ycombinator.com/companies/renderlet"
"Sample","W24","https://www.ycombinator.com/companies/sample"
"Scout","W24","https://www.ycombinator.com/companies/cpgscout"
"Selera Medical","W24","https://www.ycombinator.com/companies/selera-medical"
"Sonauto","W24","https://www.ycombinator.com/companies/sonauto"
"Stacksync","W24","https://www.ycombinator.com/companies/stacksync"
"Stitch Technologies","W24","https://www.ycombinator.com/companies/stitch-technologies"
"SuretyNow","W24","https://www.ycombinator.com/companies/suretynow"
"SynsoryBio","W24","https://www.ycombinator.com/companies/synsorybio"
"Tesseral","W24","https://www.ycombinator.com/companies/tesseral"
"The New Money Company","W24","https://www.ycombinator.com/companies/the-new-money-company"
"Triply","W24","https://www.ycombinator.com/companies/triply"
"Velorum Therapeutics","W24","https://www.ycombinator.com/companies/velorum-therapeutics"
"Verse Therapy","W24","https://www.ycombinator.com/companies/verse-therapy"
"Vista Power","W24","https://www.ycombinator.com/companies/vista-power"
"Voicepanel","W24","https://www.ycombinator.com/companies/voicepanel"
"Wuri","W24","https://www.ycombinator.com/companies/wuri"
"xPay","W24","https://www.ycombinator.com/companies/xpay"
"Yenmo","W24","https://www.ycombinator.com/companies/yenmo"
"Yoneda Labs","W24","https://www.ycombinator.com/companies/yoneda-labs"
"Zaymo","W24","https://www.ycombinator.com/companies/zaymo"
"&AI","S24","https://www.ycombinator.com/companies/ai-2"
"1849 bio","S24","https://www.ycombinator.com/companies/1849-bio"
"Abel Police","S24","https://www.ycombinator.com/companies/abel-police"
"ACX","S24","https://www.ycombinator.com/companies/acx"
"Ares Industries","S24","https://www.ycombinator.com/companies/ares-industries"
"Autumn Labs","S24","https://www.ycombinator.com/companies/autumn-labs"
"Azalea Robotics Corporation","S24","https://www.ycombinator.com/companies/azalea-robotics-corporation"
"BeeBettor","S24","https://www.ycombinator.com/companies/beebettor"
"Biocartesian","S24","https://www.ycombinator.com/companies/biocartesian"
"Bits to Atoms","S24","https://www.ycombinator.com/companies/bits-to-atoms"
"Blaze","S24","https://www.ycombinator.com/companies/blaze-2"
"bluedoor","S24","https://www.ycombinator.com/companies/bluedoor"
"Cerulion","S24","https://www.ycombinator.com/companies/cerulion"
"ClaimSorted","S24","https://www.ycombinator.com/companies/claimsorted"
"Comfy Deploy","S24","https://www.ycombinator.com/companies/comfy-deploy"
"d_model","S24","https://www.ycombinator.com/companies/d_model"
"David AI","S24","https://www.ycombinator.com/companies/david-ai"
"Diode Computers, Inc.","S24","https://www.ycombinator.com/companies/diode-computers-inc"
"Ember Robotics","S24","https://www.ycombinator.com/companies/ember-robotics"
"Entropy","S24","https://www.ycombinator.com/companies/entropy"
"expand.ai","S24","https://www.ycombinator.com/companies/expand-ai"
"Flyflow","S24","https://www.ycombinator.com/companies/flyflow"
"Formula Insight","S24","https://www.ycombinator.com/companies/formula-insight"
"Glasskube","S24","https://www.ycombinator.com/companies/glasskube"
"Guardian RF","S24","https://www.ycombinator.com/companies/guardian-rf"
"Hamming AI","S24","https://www.ycombinator.com/companies/hamming-ai"
"Helium","S24","https://www.ycombinator.com/companies/helium"
"Hexclave","S24","https://www.ycombinator.com/companies/hexclave"
"Hey Revia","S24","https://www.ycombinator.com/companies/hey-revia"
"Ionworks","S24","https://www.ycombinator.com/companies/ionworks"
"Kastle","S24","https://www.ycombinator.com/companies/kastle"
"Kontigo","S24","https://www.ycombinator.com/companies/kontigo"
"Kopra Bio","S24","https://www.ycombinator.com/companies/kopra-bio"
"Lilac Labs","S24","https://www.ycombinator.com/companies/lilac-labs"
"Lucible","S24","https://www.ycombinator.com/companies/lucible"
"mdhub","S24","https://www.ycombinator.com/companies/mdhub"
"Mica AI","S24","https://www.ycombinator.com/companies/mica-ai"
"Mineflow","S24","https://www.ycombinator.com/companies/mineflow"
"Miru","S24","https://www.ycombinator.com/companies/miru-ml"
"Moreta","S24","https://www.ycombinator.com/companies/moreta"
"Offstream","S24","https://www.ycombinator.com/companies/offstream"
"omnidock","S24","https://www.ycombinator.com/companies/omnidock"
"OrgOrg","S24","https://www.ycombinator.com/companies/orgorg"
"Outerport","S24","https://www.ycombinator.com/companies/outerport"
"Paasa","S24","https://www.ycombinator.com/companies/paasa"
"Patched","S24","https://www.ycombinator.com/companies/patched"
"Phonely","S24","https://www.ycombinator.com/companies/phonely"
"Pinnacle","S24","https://www.ycombinator.com/companies/pinnacle"
"Promi","S24","https://www.ycombinator.com/companies/promi"
"Pulse","S24","https://www.ycombinator.com/companies/pulse-3"
"ReactWise","S24","https://www.ycombinator.com/companies/reactwise"
"RetroFix","S24","https://www.ycombinator.com/companies/retrofix"
"Saldor","S24","https://www.ycombinator.com/companies/saldor"
"SchemeFlow","S24","https://www.ycombinator.com/companies/schemeflow"
"Sonatoria","S24","https://www.ycombinator.com/companies/sonatoria"
"Spaceium Inc","S24","https://www.ycombinator.com/companies/spaceium-inc"
"Spherecast","S24","https://www.ycombinator.com/companies/spherecast"
"Stempad","S24","https://www.ycombinator.com/companies/stempad"
"SureBright","S24","https://www.ycombinator.com/companies/surebright"
"Synnax","S24","https://www.ycombinator.com/companies/synnax"
"Tabula","S24","https://www.ycombinator.com/companies/tabula"
"The Synthesis Company","S24","https://www.ycombinator.com/companies/the-synthesis-company"
"Theseus","S24","https://www.ycombinator.com/companies/theseus"
"Vendra","S24","https://www.ycombinator.com/companies/vendra"
"VideoGen","S24","https://www.ycombinator.com/companies/videogen"
"Village Labs","S24","https://www.ycombinator.com/companies/village-labs"
"Weave Robotics","S24","https://www.ycombinator.com/companies/weave-robotics"
"XTraffic","S24","https://www.ycombinator.com/companies/xtraffic"
"Zeit AI","S24","https://www.ycombinator.com/companies/zeit-ai"
"Afternoon.co","F24","https://www.ycombinator.com/companies/afternoon-co"
"Apolink","F24","https://www.ycombinator.com/companies/apolink"
"Asha Health","F24","https://www.ycombinator.com/companies/asha-health"
"Beglaubigt.de","F24","https://www.ycombinator.com/companies/beglaubigtde"
"Canvas","F24","https://www.ycombinator.com/companies/canvas"
"Cekura","F24","https://www.ycombinator.com/companies/cekura-ai"
"Charm","F24","https://www.ycombinator.com/companies/withcharm"
"Clarus","F24","https://www.ycombinator.com/companies/clarus"
"CollectWise","F24","https://www.ycombinator.com/companies/collectwise"
"Crouton","F24","https://www.ycombinator.com/companies/crouton"
"Crustdata","F24","https://www.ycombinator.com/companies/crustdata"
"Curo","F24","https://www.ycombinator.com/companies/curo"
"Durate","F24","https://www.ycombinator.com/companies/durate"
"FutureClinic","F24","https://www.ycombinator.com/companies/futureclinic"
"Getcho","F24","https://www.ycombinator.com/companies/getcho"
"Karmen","F24","https://www.ycombinator.com/companies/karmen"
"Lightscreen AI","F24","https://www.ycombinator.com/companies/lightscreen-ai"
"Loombotic","F24","https://www.ycombinator.com/companies/loombotic"
"Origami","F24","https://www.ycombinator.com/companies/origami-2"
"Ryvn","F24","https://www.ycombinator.com/companies/ryvn"
"Smooth","F24","https://www.ycombinator.com/companies/smooth"
"Sunset","F24","https://www.ycombinator.com/companies/sunset"
"Surge","F24","https://www.ycombinator.com/companies/surge"
"Vaya","F24","https://www.ycombinator.com/companies/vaya"
"A1Zap by A1Base","W25","https://www.ycombinator.com/companies/a1zap-by-a1base"
"Altrina","W25","https://www.ycombinator.com/companies/altrina"
"Amby Health","W25","https://www.ycombinator.com/companies/amby-health"
"Archon","W25","https://www.ycombinator.com/companies/archon"
"Artifact","W25","https://www.ycombinator.com/companies/artifact-2"
"AthenaHQ","W25","https://www.ycombinator.com/companies/athenahq"
"Axiom","W25","https://www.ycombinator.com/companies/axiom"
"Bild AI","W25","https://www.ycombinator.com/companies/bild-ai"
"Bindwell","W25","https://www.ycombinator.com/companies/bindwell"
"BlindPay","W25","https://www.ycombinator.com/companies/blindpay"
"Bud","W25","https://www.ycombinator.com/companies/bud"
"Bystreet","W25","https://www.ycombinator.com/companies/bystreet"
"Conntour","W25","https://www.ycombinator.com/companies/conntour"
"Corsair","W25","https://www.ycombinator.com/companies/corsair"
"Egress Health","W25","https://www.ycombinator.com/companies/egress-health"
"Exin Therapeutics","W25","https://www.ycombinator.com/companies/exin-therapeutics"
"Fira","W25","https://www.ycombinator.com/companies/fira"
"Forge Automation","W25","https://www.ycombinator.com/companies/forge-automation"
"Fuse AI","W25","https://www.ycombinator.com/companies/fuse-ai"
"Hey Telo","W25","https://www.ycombinator.com/companies/hey-telo"
"Infinite","W25","https://www.ycombinator.com/companies/infinite"
"Instinct Space","W25","https://www.ycombinator.com/companies/instinct-space"
"Inversion Semiconductor","W25","https://www.ycombinator.com/companies/inversion-semiconductor"
"Invo","W25","https://www.ycombinator.com/companies/invo"
"Karoo","W25","https://www.ycombinator.com/companies/karoo"
"Karsa","W25","https://www.ycombinator.com/companies/karsa"
"Liquid Compute","W25","https://www.ycombinator.com/companies/liquid-compute"
"Lucid","W25","https://www.ycombinator.com/companies/lucid"
"Macadamia","W25","https://www.ycombinator.com/companies/macadamia"
"Maritime Fusion","W25","https://www.ycombinator.com/companies/maritime-fusion"
"Mercura","W25","https://www.ycombinator.com/companies/mercura"
"Misprint","W25","https://www.ycombinator.com/companies/misprint"
"OpenIntake","W25","https://www.ycombinator.com/companies/openintake"
"Operand","W25","https://www.ycombinator.com/companies/operand"
"Orbital Operations","W25","https://www.ycombinator.com/companies/orbital-operations"
"Paragon","W25","https://www.ycombinator.com/companies/deployparagon"
"Paratus Health","W25","https://www.ycombinator.com/companies/paratus-health"
"Pave Robotics","W25","https://www.ycombinator.com/companies/pave-robotics"
"PAX Markets","W25","https://www.ycombinator.com/companies/pax-markets"
"Peppr AI","W25","https://www.ycombinator.com/companies/peppr-ai"
"Red Barn Robotics","W25","https://www.ycombinator.com/companies/red-barn-robotics"
"Reditus Space","W25","https://www.ycombinator.com/companies/reditus-space"
"ReJot","W25","https://www.ycombinator.com/companies/rejot"
"Retrofit","W25","https://www.ycombinator.com/companies/retrofit"
"Revise Robotics","W25","https://www.ycombinator.com/companies/revise-robotics"
"SAMMY Labs","W25","https://www.ycombinator.com/companies/sammy-labs"
"Splash Inc.","W25","https://www.ycombinator.com/companies/splash-inc"
"Stamp","W25","https://www.ycombinator.com/companies/stamp"
"Steinmetz","W25","https://www.ycombinator.com/companies/steinmetz"
"SubImage","W25","https://www.ycombinator.com/companies/subimage"
"Subtrace","W25","https://www.ycombinator.com/companies/subtrace"
"Tee Time Tommy","W25","https://www.ycombinator.com/companies/tee-time-tommy"
"Uncommon Therapeutics","W25","https://www.ycombinator.com/companies/uncommon-therapeutics"
"Waypoint Transit","W25","https://www.ycombinator.com/companies/waypoint-transit"
"ZeroEntropy","W25","https://www.ycombinator.com/companies/zeroentropy"
"Aravolta","P25","https://www.ycombinator.com/companies/aravolta"
"Attune","P25","https://www.ycombinator.com/companies/attune"
"Atum Works","P25","https://www.ycombinator.com/companies/atum-works"
"Better Auth","P25","https://www.ycombinator.com/companies/better-auth"
"Bloom","P25","https://www.ycombinator.com/companies/bloom-4"
"Capacitive","P25","https://www.ycombinator.com/companies/capacitive"
"Cascade Space","P25","https://www.ycombinator.com/companies/cascade-space"
"Casco","P25","https://www.ycombinator.com/companies/casco"
"chrt","P25","https://www.ycombinator.com/companies/chrt"
"Den","P25","https://www.ycombinator.com/companies/den"
"Foundation Industries","P25","https://www.ycombinator.com/companies/foundation-industries"
"Jeevy Fabrication","P25","https://www.ycombinator.com/companies/jeevy-fabrication"
"Kaizen","P25","https://www.ycombinator.com/companies/kaizen"
"Klavis AI","P25","https://www.ycombinator.com/companies/klavis-ai"
"Labric","P25","https://www.ycombinator.com/companies/labric"
"Libretto","P25","https://www.ycombinator.com/companies/libretto"
"MindFort","P25","https://www.ycombinator.com/companies/mindfort"
"NODI Energy","P25","https://www.ycombinator.com/companies/nodi-energy"
"Opusense AI","P25","https://www.ycombinator.com/companies/opusense-ai"
"Orchid","P25","https://www.ycombinator.com/companies/orchid-ai"
"ParaQuery","P25","https://www.ycombinator.com/companies/paraquery"
"PgDog","P25","https://www.ycombinator.com/companies/pgdog"
"Probo","P25","https://www.ycombinator.com/companies/probo"
"Propolis","P25","https://www.ycombinator.com/companies/propolis"
"QFEX","P25","https://www.ycombinator.com/companies/qfex"
"Refresh","P25","https://www.ycombinator.com/companies/refresh"
"RunRL","P25","https://www.ycombinator.com/companies/runrl"
"Scalar Field","P25","https://www.ycombinator.com/companies/scalar-field"
"sieve","P25","https://www.ycombinator.com/companies/sieveai"
"Sygaldry Technologies","P25","https://www.ycombinator.com/companies/sygaldry-technologies"
"Ticket Wallet","P25","https://www.ycombinator.com/companies/ticket-wallet"
"Trapeze","P25","https://www.ycombinator.com/companies/trapeze"
"Vassar Robotics","P25","https://www.ycombinator.com/companies/vassar-robotics"
"Vesence","P25","https://www.ycombinator.com/companies/vesence"
"VoiceOS","P25","https://www.ycombinator.com/companies/voiceos"
"Albacore Inc.","S25","https://www.ycombinator.com/companies/albacore-inc"
"args","S25","https://www.ycombinator.com/companies/args"
"Autumn","S25","https://www.ycombinator.com/companies/autumn"
"bitrig","S25","https://www.ycombinator.com/companies/bitrig"
"BootLoop","S25","https://www.ycombinator.com/companies/bootloop"
"CareSwift","S25","https://www.ycombinator.com/companies/careswift"
"cocreate","S25","https://www.ycombinator.com/companies/cocreate"
"Comena","S25","https://www.ycombinator.com/companies/comena"
"Conviction","S25","https://www.ycombinator.com/companies/conviction"
"Costream","S25","https://www.ycombinator.com/companies/costream"
"DeepGrove","S25","https://www.ycombinator.com/companies/deepgrove"
"Duranium","S25","https://www.ycombinator.com/companies/duranium"
"F4 Industries","S25","https://www.ycombinator.com/companies/f4-industries"
"Flai","S25","https://www.ycombinator.com/companies/flai"
"Freya","S25","https://www.ycombinator.com/companies/freya"
"Fulcrum","S25","https://www.ycombinator.com/companies/fulcrum"
"Golpo","S25","https://www.ycombinator.com/companies/golpo"
"Halluminate","S25","https://www.ycombinator.com/companies/halluminate"
"Hera","S25","https://www.ycombinator.com/companies/hera-video"
"Imprezia","S25","https://www.ycombinator.com/companies/imprezia"
"Iron Grid","S25","https://www.ycombinator.com/companies/iron-grid"
"IronLedger.ai","S25","https://www.ycombinator.com/companies/ironledger-ai"
"Janet AI","S25","https://www.ycombinator.com/companies/tryjanet"
"Juxta","S25","https://www.ycombinator.com/companies/juxta"
"Kalinda","S25","https://www.ycombinator.com/companies/kalinda"
"Locata","S25","https://www.ycombinator.com/companies/locata"
"Magnetic","S25","https://www.ycombinator.com/companies/magnetic"
"Metis","S25","https://www.ycombinator.com/companies/metis"
"Minimal AI","S25","https://www.ycombinator.com/companies/minimal-ai"
"Munify","S25","https://www.ycombinator.com/companies/munify"
"Nautilus","S25","https://www.ycombinator.com/companies/nautilus"
"Nixo","S25","https://www.ycombinator.com/companies/nixo"
"Novaflow","S25","https://www.ycombinator.com/companies/novaflow"
"Nox Metals","S25","https://www.ycombinator.com/companies/nox-metals"
"Orange Slice","S25","https://www.ycombinator.com/companies/orange-slice"
"Panels","S25","https://www.ycombinator.com/companies/panels"
"Pangolin","S25","https://www.ycombinator.com/companies/pangolin"
"Perseus Defense","S25","https://www.ycombinator.com/companies/perseus-defense"
"Perspectives Health","S25","https://www.ycombinator.com/companies/perspectives-health"
"Pingo","S25","https://www.ycombinator.com/companies/pingo"
"Preseen","S25","https://www.ycombinator.com/companies/preseen"
"RealRoots","S25","https://www.ycombinator.com/companies/realroots"
"Risely AI","S25","https://www.ycombinator.com/companies/risely-ai"
"Ruvo","S25","https://www.ycombinator.com/companies/ruvo"
"Sapien","S25","https://www.ycombinator.com/companies/outrove"
"Shor","S25","https://www.ycombinator.com/companies/shor"
"Slashy","S25","https://www.ycombinator.com/companies/slashy"
"Socratix AI","S25","https://www.ycombinator.com/companies/socratix-ai"
"Solva","S25","https://www.ycombinator.com/companies/solva"
"stagewise","S25","https://www.ycombinator.com/companies/stagewise"
"Synthetic Society","S25","https://www.ycombinator.com/companies/synthetic-society"
"The Prompting Company","S25","https://www.ycombinator.com/companies/the-prompting-company"
"Theora","S25","https://www.ycombinator.com/companies/theora"
"TraceRoot.AI","S25","https://www.ycombinator.com/companies/traceroot-ai"
"Verne Robotics","S25","https://www.ycombinator.com/companies/verne-robotics"
"Vulcan Technologies","S25","https://www.ycombinator.com/companies/vulcan-technologies"
"Wayline","S25","https://www.ycombinator.com/companies/wayline"
"Wedge","S25","https://www.ycombinator.com/companies/wedge"
"AnswerThis","F25","https://www.ycombinator.com/companies/answerthis"
"Aspect","F25","https://www.ycombinator.com/companies/aspect-inc"
"AtlasGrid","F25","https://www.ycombinator.com/companies/atlasgrid"
"Bluma","F25","https://www.ycombinator.com/companies/bluma"
"Casey","F25","https://www.ycombinator.com/companies/casey"
"Clad Labs","F25","https://www.ycombinator.com/companies/clad-labs"
"Clicks Health","F25","https://www.ycombinator.com/companies/clicks-health"
"Coasts","F25","https://www.ycombinator.com/companies/coasts"
"Cranston AI","F25","https://www.ycombinator.com/companies/cranston-ai"
"Crunched","F25","https://www.ycombinator.com/companies/crunched"
"dari.dev","F25","https://www.ycombinator.com/companies/daridev"
"Deeptrace","F25","https://www.ycombinator.com/companies/deeptrace"
"Dome","F25","https://www.ycombinator.com/companies/dome"
"Everest","F25","https://www.ycombinator.com/companies/everest"
"Fernstone","F25","https://www.ycombinator.com/companies/fernstone"
"Hypercubic","F25","https://www.ycombinator.com/companies/hypercubic"
"Icarus","F25","https://www.ycombinator.com/companies/icarus"
"Kaigo Health","F25","https://www.ycombinator.com/companies/kaigo-health"
"Karumi","F25","https://www.ycombinator.com/companies/karumi"
"Layers","F25","https://www.ycombinator.com/companies/layers"
"Lua Global Inc","F25","https://www.ycombinator.com/companies/lua-global-inc"
"Mayflower","F25","https://www.ycombinator.com/companies/mayflower"
"Miniswap","F25","https://www.ycombinator.com/companies/miniswap"
"Minro","F25","https://www.ycombinator.com/companies/minro"
"Nessie","F25","https://www.ycombinator.com/companies/nessie"
"Nucleo","F25","https://www.ycombinator.com/companies/nucleo"
"Null Labs","F25","https://www.ycombinator.com/companies/null-labs"
"Parametric","F25","https://www.ycombinator.com/companies/parametric"
"Parse","F25","https://www.ycombinator.com/companies/parse-bot"
"Play Health","F25","https://www.ycombinator.com/companies/play-health"
"Radius","F25","https://www.ycombinator.com/companies/radiusbrowser"
"Remedy","F25","https://www.ycombinator.com/companies/remedy"
"Rovi Health","F25","https://www.ycombinator.com/companies/rovi-health"
"s2.dev","F25","https://www.ycombinator.com/companies/s2-dev"
"Sava","F25","https://www.ycombinator.com/companies/savahq"
"Scott AI","F25","https://www.ycombinator.com/companies/scott-ai"
"Selfin","F25","https://www.ycombinator.com/companies/selfin"
"Semiotic","F25","https://www.ycombinator.com/companies/semiotic"
"SF Tensor","F25","https://www.ycombinator.com/companies/sf-tensor"
"The Hog","F25","https://www.ycombinator.com/companies/the-hog"
"Tornyol","F25","https://www.ycombinator.com/companies/tornyol"
"Wardstone","F25","https://www.ycombinator.com/companies/wardstone"
"Zalos","F25","https://www.ycombinator.com/companies/zalos"
"Zephyr Fusion","F25","https://www.ycombinator.com/companies/zephyr-fusion"
"Anchorhead","W26","https://www.ycombinator.com/companies/anchorhead"
"ARC Prize Foundation","W26","https://www.ycombinator.com/companies/arc-prize-foundation"
"AxionOrbital Space","W26","https://www.ycombinator.com/companies/axionorbital-space"
"Beyond Reach Labs","W26","https://www.ycombinator.com/companies/beyond-reach-labs"
"Booko","W26","https://www.ycombinator.com/companies/booko"
"Byteport","W26","https://www.ycombinator.com/companies/byteport"
"Caretta","W26","https://www.ycombinator.com/companies/caretta"
"CatchBack Cards","W26","https://www.ycombinator.com/companies/catchback-cards"
"Constellation Space","W26","https://www.ycombinator.com/companies/constellation-space"
"Crosslayer Labs","W26","https://www.ycombinator.com/companies/crosslayer-labs"
"DAIVIN!","W26","https://www.ycombinator.com/companies/daivin"
"Doomersion","W26","https://www.ycombinator.com/companies/doomersion"
"Fort","W26","https://www.ycombinator.com/companies/fort"
"Forum","W26","https://www.ycombinator.com/companies/forum"
"Galactic Resource Utilization Space, Inc. (GRU Space)","W26","https://www.ycombinator.com/companies/galactic-resource-utilization-space-inc-gru-space"
"General Astronautics","W26","https://www.ycombinator.com/companies/generalastro"
"General Legal","W26","https://www.ycombinator.com/companies/general-legal"
"Hlabs","W26","https://www.ycombinator.com/companies/hlabs"
"Kyten Technologies","W26","https://www.ycombinator.com/companies/kyten-technologies"
"Laurence","W26","https://www.ycombinator.com/companies/laurence"
"Mendral","W26","https://www.ycombinator.com/companies/mendral"
"Milliray","W26","https://www.ycombinator.com/companies/milliray"
"o11","W26","https://www.ycombinator.com/companies/o11"
"OctaPulse","W26","https://www.ycombinator.com/companies/octapulse"
"Orthogonal","W26","https://www.ycombinator.com/companies/orthogonal"
"Oximy","W26","https://www.ycombinator.com/companies/oximy"
"Palus Finance","W26","https://www.ycombinator.com/companies/palus-finance"
"Polymorph","W26","https://www.ycombinator.com/companies/polymorph"
"Prana","W26","https://www.ycombinator.com/companies/prana-health"
"Remy AI","W26","https://www.ycombinator.com/companies/remy-ai"
"RoboDock","W26","https://www.ycombinator.com/companies/robodock"
"Samora AI","W26","https://www.ycombinator.com/companies/samora-ai"
"Sequence Markets","W26","https://www.ycombinator.com/companies/sequence-markets"
"shortkit","W26","https://www.ycombinator.com/companies/shortkit"
"Signals","W26","https://www.ycombinator.com/companies/signals"
"Sparkles","W26","https://www.ycombinator.com/companies/sparkles"
"SpotPay","W26","https://www.ycombinator.com/companies/spotpay"
"Talking Computers","W26","https://www.ycombinator.com/companies/talking-computers"
"Terminal Use","W26","https://www.ycombinator.com/companies/terminal-use"
"Travo","W26","https://www.ycombinator.com/companies/travo"
"Turnstone","W26","https://www.ycombinator.com/companies/turnstone"
"Unifold","W26","https://www.ycombinator.com/companies/unifold"
"Unisson","W26","https://www.ycombinator.com/companies/unisson"
"Valence","W26","https://www.ycombinator.com/companies/valence"
"Vector Legal","W26","https://www.ycombinator.com/companies/vector-legal"
"Veriad","W26","https://www.ycombinator.com/companies/veriad"
"Voltair","W26","https://www.ycombinator.com/companies/voltair"
"ZeroSettle","W26","https://www.ycombinator.com/companies/zerosettle"
"Zymbly","W26","https://www.ycombinator.com/companies/zymbly"
"9 Mothers","P26","https://www.ycombinator.com/companies/9-mothers-corporation"
"AbInitio Bio","P26","https://www.ycombinator.com/companies/abinitio-bio"
"Adialante","P26","https://www.ycombinator.com/companies/adialante"
"Advanced Metal Research","P26","https://www.ycombinator.com/companies/advanced-metal-research"
"AICE","P26","https://www.ycombinator.com/companies/aice"
"Akkari","P26","https://www.ycombinator.com/companies/akkari"
"ANORIA","P26","https://www.ycombinator.com/companies/anoria"
"Apollo Atomics, Inc.","P26","https://www.ycombinator.com/companies/apollo-atomics-inc"
"Arlo Industries","P26","https://www.ycombinator.com/companies/arlo-industries"
"Arzana","P26","https://www.ycombinator.com/companies/arzana"
"Aseon Labs","P26","https://www.ycombinator.com/companies/aseon-labs"
"Aster","P26","https://www.ycombinator.com/companies/asterlab"
"Auxos","P26","https://www.ycombinator.com/companies/auxos"
"Avea Robotics","P26","https://www.ycombinator.com/companies/avea-robotics"
"CharacterQuilt","P26","https://www.ycombinator.com/companies/characterquilt"
"Chert","P26","https://www.ycombinator.com/companies/chert"
"Cignara","P26","https://www.ycombinator.com/companies/cignara"
"Clawvisor","P26","https://www.ycombinator.com/companies/clawvisor"
"Dayjob","P26","https://www.ycombinator.com/companies/dayjob"
"Deep Interactions","P26","https://www.ycombinator.com/companies/deep-interactions"
"Dispatch","P26","https://www.ycombinator.com/companies/dispatch"
"Dreach","P26","https://www.ycombinator.com/companies/dreach"
"Eden Robotics","P26","https://www.ycombinator.com/companies/eden-robotics"
"flowscope","P26","https://www.ycombinator.com/companies/flowscope"
"Fuchsia","P26","https://www.ycombinator.com/companies/fuchsia"
"General Aviation","P26","https://www.ycombinator.com/companies/general-aviation"
"General Instinct","P26","https://www.ycombinator.com/companies/general-instinct"
"Gigacatalyst","P26","https://www.ycombinator.com/companies/gigacatalyst"
"GovGuard","P26","https://www.ycombinator.com/companies/govguard"
"Gravy","P26","https://www.ycombinator.com/companies/gravy"
"HEVN, inc","P26","https://www.ycombinator.com/companies/hevn-inc"
"Hexa","P26","https://www.ycombinator.com/companies/hexa"
"HeyClicky","P26","https://www.ycombinator.com/companies/heyclicky"
"Huscarl","P26","https://www.ycombinator.com/companies/huscarl"
"Incandor","P26","https://www.ycombinator.com/companies/incandor"
"InsForge","P26","https://www.ycombinator.com/companies/insforge"
"InstaAgent","P26","https://www.ycombinator.com/companies/instaagent"
"KelAI","P26","https://www.ycombinator.com/companies/kelai"
"Kinect","P26","https://www.ycombinator.com/companies/kinect"
"Kinro","P26","https://www.ycombinator.com/companies/kinro"
"Klaimee","P26","https://www.ycombinator.com/companies/klaimee"
"KugelAudio","P26","https://www.ycombinator.com/companies/kugelaudio"
"Kuli","P26","https://www.ycombinator.com/companies/kuli"
"Lightsprint","P26","https://www.ycombinator.com/companies/lightsprint"
"Lumius","P26","https://www.ycombinator.com/companies/lumius"
"Madrone","P26","https://www.ycombinator.com/companies/madrone"
"Maquoketa Research","P26","https://www.ycombinator.com/companies/maquoketa-research"
"Memoir","P26","https://www.ycombinator.com/companies/memoir"
"Memory Store","P26","https://www.ycombinator.com/companies/memory-store"
"Mochatrade","P26","https://www.ycombinator.com/companies/mochatrade"
"Multiplier","P26","https://www.ycombinator.com/companies/multiplier"
"Netter","P26","https://www.ycombinator.com/companies/netter"
"Nine Fives","P26","https://www.ycombinator.com/companies/nine-fives"
"Oddpool","P26","https://www.ycombinator.com/companies/oddpool"
"OpenProse","P26","https://www.ycombinator.com/companies/openprose"
"Ornadyne","P26","https://www.ycombinator.com/companies/ornadyne"
"Parrot","P26","https://www.ycombinator.com/companies/useparrot"
"Pavoot","P26","https://www.ycombinator.com/companies/pavoot"
"Pentagon","P26","https://www.ycombinator.com/companies/pentagon"
"PerfectBit, Inc.","P26","https://www.ycombinator.com/companies/perfectbit-inc"
"Plena Health","P26","https://www.ycombinator.com/companies/plena-health"
"Ploy","P26","https://www.ycombinator.com/companies/ploy"
"primitive","P26","https://www.ycombinator.com/companies/primitive"
"Prototyping.io","P26","https://www.ycombinator.com/companies/prototypingio"
"RASPIRE","P26","https://www.ycombinator.com/companies/raspire"
"ReasonBlocks","P26","https://www.ycombinator.com/companies/reasonblocks"
"Regbase","P26","https://www.ycombinator.com/companies/regbase"
"RentAHuman","P26","https://www.ycombinator.com/companies/rentahuman"
"Result","P26","https://www.ycombinator.com/companies/result"
"River Markets","P26","https://www.ycombinator.com/companies/river-markets"
"Rudus","P26","https://www.ycombinator.com/companies/rudus"
"Runtime","P26","https://www.ycombinator.com/companies/runtime"
"Saffron","P26","https://www.ycombinator.com/companies/saffron"
"Salesgraph","P26","https://www.ycombinator.com/companies/salesgraph"
"Sherpa","P26","https://www.ycombinator.com/companies/sherpa"
"shotwell.ai","P26","https://www.ycombinator.com/companies/shotwellai"
"smol machines","P26","https://www.ycombinator.com/companies/smol-machines"
"Soria","P26","https://www.ycombinator.com/companies/soria"
"Stage","P26","https://www.ycombinator.com/companies/stage"
"Standard Signal","P26","https://www.ycombinator.com/companies/standard-signal"
"Synphony","P26","https://www.ycombinator.com/companies/synphony"
"tday.com","P26","https://www.ycombinator.com/companies/tdaycom"
"Tenet Industries","P26","https://www.ycombinator.com/companies/tenet-industries"
"The Company Company","P26","https://www.ycombinator.com/companies/the-company-company"
"Thomas","P26","https://www.ycombinator.com/companies/thomas"
"Totalis","P26","https://www.ycombinator.com/companies/totalis"
"transload","P26","https://www.ycombinator.com/companies/transload"
"Userlens","P26","https://www.ycombinator.com/companies/userlens"
"Wato","P26","https://www.ycombinator.com/companies/wato"
"YouArt","P26","https://www.ycombinator.com/companies/youart"
"Aerogen Systems","S26","https://www.ycombinator.com/companies/aerogen-systems"
"Agency Tool Company","S26","https://www.ycombinator.com/companies/agency-tool-company"
"Akon Labs","S26","https://www.ycombinator.com/companies/akon-labs"
"Aktoria Robotics","S26","https://www.ycombinator.com/companies/aktoria-robotics"
"Allia Health","S26","https://www.ycombinator.com/companies/allia-health"
"Amorphic Labs","S26","https://www.ycombinator.com/companies/amorphic-labs"
"Applied Electrodynamics, Inc.","S26","https://www.ycombinator.com/companies/applied-electrodynamics-inc"
"Arbital","S26","https://www.ycombinator.com/companies/arbital"
"Atomarine","S26","https://www.ycombinator.com/companies/atomarine"
"Bernard","S26","https://www.ycombinator.com/companies/bernard"
"Callbook AI","S26","https://www.ycombinator.com/companies/callbook-ai"
"CarSignal","S26","https://www.ycombinator.com/companies/carsignal"
"Caution","S26","https://www.ycombinator.com/companies/caution"
"Chromie","S26","https://www.ycombinator.com/companies/chromie"
"CoArena","S26","https://www.ycombinator.com/companies/coarena"
"Codag","S26","https://www.ycombinator.com/companies/codag"
"Control Seat","S26","https://www.ycombinator.com/companies/control-seat"
"Cosmic Robotics","S26","https://www.ycombinator.com/companies/cosmic-robotics"
"Dawn Industries","S26","https://www.ycombinator.com/companies/dawn-industries"
"DeepReach Inc.","S26","https://www.ycombinator.com/companies/deepreach-inc"
"Derya","S26","https://www.ycombinator.com/companies/derya"
"Dialogus","S26","https://www.ycombinator.com/companies/dialogus"
"Dipole Labs","S26","https://www.ycombinator.com/companies/dipole-labs"
"Dream","S26","https://www.ycombinator.com/companies/dream"
"Earendil Robotics","S26","https://www.ycombinator.com/companies/earendil-robotics"
"Edgerun","S26","https://www.ycombinator.com/companies/edgerun"
"EdotEnv","S26","https://www.ycombinator.com/companies/edotenv"
"Ekho Labs","S26","https://www.ycombinator.com/companies/ekho-labs"
"Enact","S26","https://www.ycombinator.com/companies/enact"
"Ethos Space Resources","S26","https://www.ycombinator.com/companies/ethos-space-resources"
"Evergrove","S26","https://www.ycombinator.com/companies/evergrove"
"Exosat","S26","https://www.ycombinator.com/companies/exosat"
"Familiar","S26","https://www.ycombinator.com/companies/familiar"
"Financial Datasets","S26","https://www.ycombinator.com/companies/financial-datasets"
"Floracene","S26","https://www.ycombinator.com/companies/floracene"
"GitCafe","S26","https://www.ycombinator.com/companies/gitcafe"
"Graphify Labs","S26","https://www.ycombinator.com/companies/graphify-labs"
"Greypoint Industries","S26","https://www.ycombinator.com/companies/greypoint-industries"
"Grip","S26","https://www.ycombinator.com/companies/grip"
"Grocalo","S26","https://www.ycombinator.com/companies/grocalo"
"Gutgutgoose","S26","https://www.ycombinator.com/companies/gutgutgoose"
"Hebbian Robotics","S26","https://www.ycombinator.com/companies/hebbian-robotics"
"HERA","S26","https://www.ycombinator.com/companies/manufacturingintelligence"
"Hilstart","S26","https://www.ycombinator.com/companies/hilstart"
"Hop Aero","S26","https://www.ycombinator.com/companies/hop-aero"
"Hubble","S26","https://www.ycombinator.com/companies/hubble-ai"
"HyperProbe","S26","https://www.ycombinator.com/companies/hyperprobe"
"Kara","S26","https://www.ycombinator.com/companies/kara"
"Libra Robotics","S26","https://www.ycombinator.com/companies/libra-robotics"
"Litmus","S26","https://www.ycombinator.com/companies/litmus-hiring"
"Luca IQ","S26","https://www.ycombinator.com/companies/luca-iq"
"Lumeria","S26","https://www.ycombinator.com/companies/lumeria"
"Lyon","S26","https://www.ycombinator.com/companies/lyon"
"machine0","S26","https://www.ycombinator.com/companies/machine0"
"Magma","S26","https://www.ycombinator.com/companies/magma"
"Manifold","S26","https://www.ycombinator.com/companies/manifold-2"
"Marker","S26","https://www.ycombinator.com/companies/marker"
"Mass Magnetics","S26","https://www.ycombinator.com/companies/mass-magnetics"
"Mentlio","S26","https://www.ycombinator.com/companies/mentlio"
"Meteoric","S26","https://www.ycombinator.com/companies/meteoric"
"MOCHI.TV","S26","https://www.ycombinator.com/companies/mochitv"
"Molagri","S26","https://www.ycombinator.com/companies/molagri"
"Mosaic","S26","https://www.ycombinator.com/companies/mosaic-inc"
"Most Robotic","S26","https://www.ycombinator.com/companies/most-robotic"
"Moving Atoms","S26","https://www.ycombinator.com/companies/moving-atoms"
"Neuromorphic","S26","https://www.ycombinator.com/companies/neuromorphic"
"Neuron Industries","S26","https://www.ycombinator.com/companies/neuron-industries"
"Nori","S26","https://www.ycombinator.com/companies/noril1"
"Omanta","S26","https://www.ycombinator.com/companies/omanta"
"OneTriangle","S26","https://www.ycombinator.com/companies/onetriangle"
"OpenTag","S26","https://www.ycombinator.com/companies/opentag"
"OpenTrade","S26","https://www.ycombinator.com/companies/opentrade"
"Pacific","S26","https://www.ycombinator.com/companies/pacific"
"Peer","S26","https://www.ycombinator.com/companies/peer"
"Pennant","S26","https://www.ycombinator.com/companies/pennant"
"Petrarch","S26","https://www.ycombinator.com/companies/petrarch"
"Pluto","S26","https://www.ycombinator.com/companies/talentpluto"
"PokerClubHub","S26","https://www.ycombinator.com/companies/pokerclubhub"
"PRINCEPS","S26","https://www.ycombinator.com/companies/princeps"
"Prodigy Research","S26","https://www.ycombinator.com/companies/prodigy-research"
"ProvenMetal","S26","https://www.ycombinator.com/companies/provenmetal"
"Qlo","S26","https://www.ycombinator.com/companies/qlo"
"Rasyn","S26","https://www.ycombinator.com/companies/rasyn"
"Rise Reforming","S26","https://www.ycombinator.com/companies/rise-reforming"
"Salem Robotics Inc","S26","https://www.ycombinator.com/companies/salem-robotics-inc"
"Shielded","S26","https://www.ycombinator.com/companies/shielded"
"Shiraz AI","S26","https://www.ycombinator.com/companies/shiraz-ai"
"Snap Poker","S26","https://www.ycombinator.com/companies/snap-poker"
"Spectre Intelligence","S26","https://www.ycombinator.com/companies/spectre-intelligence"
"Standard Machines","S26","https://www.ycombinator.com/companies/standard-machines"
"Stoa","S26","https://www.ycombinator.com/companies/stoa"
"Studio","S26","https://www.ycombinator.com/companies/studio"
"SubVysion","S26","https://www.ycombinator.com/companies/subvysion"
"TareBio","S26","https://www.ycombinator.com/companies/tarebio"
"Tarifflo Inc.","S26","https://www.ycombinator.com/companies/tarifflo-inc"
"tash","S26","https://www.ycombinator.com/companies/tash"
"Tenor","S26","https://www.ycombinator.com/companies/tenor"
"Touchy","S26","https://www.ycombinator.com/companies/touchy"
"TovenAI","S26","https://www.ycombinator.com/companies/tovenai"
"Trident","S26","https://www.ycombinator.com/companies/trident"
"TryNearby","S26","https://www.ycombinator.com/companies/trynearby"
"Tsenta","S26","https://www.ycombinator.com/companies/tsenta"
"Ultrasonium","S26","https://www.ycombinator.com/companies/ultrasonium"
"Veltha","S26","https://www.ycombinator.com/companies/veltha"
"Verdict Machine","S26","https://www.ycombinator.com/companies/verdict-machine"
"Vernius Systems, Inc.","S26","https://www.ycombinator.com/companies/vernius-systems-inc"
"Vestris","S26","https://www.ycombinator.com/companies/vestris"
"Waybill","S26","https://www.ycombinator.com/companies/waybill"
"WonderTx","S26","https://www.ycombinator.com/companies/wondertx"
"antimattr","F26","https://www.ycombinator.com/companies/antimattr"
"Antropi Robotics","F26","https://www.ycombinator.com/companies/antropi-robotics"
"Capveon","F26","https://www.ycombinator.com/companies/capveon"
"Covera","F26","https://www.ycombinator.com/companies/covera"
"Hemlock","F26","https://www.ycombinator.com/companies/hemlock"
"Lambda Robotics","F26","https://www.ycombinator.com/companies/lambda-robotics"
"Lantern AI","F26","https://www.ycombinator.com/companies/lantern-ai"
"Lightfield","F26","https://www.ycombinator.com/companies/lightfield"
"Quippy","F26","https://www.ycombinator.com/companies/quippy"
"Redoubt Insurance","F26","https://www.ycombinator.com/companies/redoubt-insurance"
"Sentient OS","F26","https://www.ycombinator.com/companies/sentient-os"
"Simulithic","F26","https://www.ycombinator.com/companies/simulithic"
"Talos","F26","https://www.ycombinator.com/companies/talos-us"
"Veeza AI","F26","https://www.ycombinator.com/companies/veeza-ai"
"Vorelios","F26","https://www.ycombinator.com/companies/vorelios"
