"yc_id","name","slug","batch","status","launched_at","website","yc_profile_url"
"31193","9 Mothers","9-mothers-corporation","P26","Active","2026-03-01T16:37:51.000Z","https://9mothers.com","https://www.ycombinator.com/companies/9-mothers-corporation"
"31484","AbInitio Bio","abinitio-bio","P26","Active","2026-05-13T20:15:13.000Z","https://www.abinitio-bio.com","https://www.ycombinator.com/companies/abinitio-bio"
"31434","Adialante","adialante","P26","Active","2026-03-16T23:10:31.000Z","http://www.adialante.com","https://www.ycombinator.com/companies/adialante"
"31043","Advanced Metal Research","advanced-metal-research","P26","Active","2026-05-14T23:31:17.000Z","https://advancedmetalresearch.com/","https://www.ycombinator.com/companies/advanced-metal-research"
"31524","AgentPhone","agentphone","P26","Active","2026-05-05T19:40:09.000Z","https://agentphone.ai/","https://www.ycombinator.com/companies/agentphone"
"31442","AICE","aice","P26","Active","2026-04-01T18:15:17.000Z","https://aicepower.com","https://www.ycombinator.com/companies/aice"
"31576","Akkari","akkari","P26","Active","2026-06-04T17:40:06.000Z","https://akkari.io/","https://www.ycombinator.com/companies/akkari"
"31444","Alchemize","alchemize","P26","Active","2026-05-11T19:10:00.000Z","https://tryalchemize.com","https://www.ycombinator.com/companies/alchemize"
"31447","Allowance","allowance","P26","Active","2026-05-18T20:34:15.000Z","https://useallowance.com/","https://www.ycombinator.com/companies/allowance"
"31497","Amboras","amboras","P26","Active","2026-03-24T03:33:37.000Z","https://amboras.com","https://www.ycombinator.com/companies/amboras"
"31411","Andco","andco","P26","Active","2026-04-29T03:43:43.000Z","http://www.useandco.com","https://www.ycombinator.com/companies/andco"
"31485","ANORIA","anoria","P26","Active","2026-05-05T04:05:45.000Z","https://www.anoria.com","https://www.ycombinator.com/companies/anoria"
"31503","Apollo Atomics, Inc.","apollo-atomics-inc","P26","Active","2026-05-22T11:58:03.000Z","https://apolloatomics.com/","https://www.ycombinator.com/companies/apollo-atomics-inc"
"31487","AquaShield","aquashield","P26","Active","2026-05-17T04:40:25.000Z","https://aquashieldai.com","https://www.ycombinator.com/companies/aquashield"
"31458","Ara","ara","P26","Active","2026-04-02T20:05:52.000Z","https://ara.so","https://www.ycombinator.com/companies/ara"
"31451","Archer","archer","P26","Active","2026-04-23T20:54:16.000Z","https://archermoney.com/","https://www.ycombinator.com/companies/archer"
"31552","Arctic Health","arctic-health","P26","Active","2026-05-10T02:26:23.000Z","https://arctic.health","https://www.ycombinator.com/companies/arctic-health"
"31525","Arden","arden","P26","Active","2026-05-06T09:20:06.000Z","https://ardentech.ai/","https://www.ycombinator.com/companies/arden"
"31475","Ardent","ardent","P26","Active","2026-04-08T22:00:42.000Z","https://tryardent.com","https://www.ycombinator.com/companies/ardent"
"31413","Arga Labs","arga-labs","P26","Active","2026-02-24T03:03:34.000Z","https://www.argalabs.com/","https://www.ycombinator.com/companies/arga-labs"
"31535","Arlo Industries","arlo-industries","P26","Active","2026-05-16T03:15:42.000Z","https://arlo1.com/","https://www.ycombinator.com/companies/arlo-industries"
"31463","Armature","armature","P26","Active","2026-05-07T03:59:29.000Z","https://armature.tech","https://www.ycombinator.com/companies/armature"
"31511","Arzana","arzana","P26","Active","2026-03-09T23:13:33.000Z","https://www.arzana.com/","https://www.ycombinator.com/companies/arzana"
"31528","Asendia AI","asendia-ai","P26","Active","2026-03-15T16:33:09.000Z","https://asendia.ai/","https://www.ycombinator.com/companies/asendia-ai"
"31465","Aseon Labs","aseon-labs","P26","Active","2026-05-11T18:18:05.000Z","https://www.aseonlabs.com/","https://www.ycombinator.com/companies/aseon-labs"
"31498","Aster","asterlab","P26","Active","2026-04-08T16:21:27.000Z","https://www.asterlab.ai/","https://www.ycombinator.com/companies/asterlab"
"31534","Astraea","astraea","P26","Active","2026-05-12T20:18:40.000Z","https://tryastraea.com","https://www.ycombinator.com/companies/astraea"
"31373","Atrisa","atrisa","P26","Active","2026-03-29T00:17:23.000Z","https://atrisa.ai","https://www.ycombinator.com/companies/atrisa"
"30408","Autostep","autostep","P26","Active","2026-02-27T06:28:17.000Z","https://autostep.ai/","https://www.ycombinator.com/companies/autostep"
"31510","Auxos","auxos","P26","Active","2026-05-13T21:28:50.000Z","https://www.useauxos.com","https://www.ycombinator.com/companies/auxos"
"31530","Avea Robotics","avea-robotics","P26","Active","2026-05-19T04:32:49.000Z","https://www.avearobotics.com","https://www.ycombinator.com/companies/avea-robotics"
"31423","BentoLabs AI","bentolabs-ai","P26","Active","2026-05-27T03:33:00.000Z","https://bentolabs.ai/","https://www.ycombinator.com/companies/bentolabs-ai"
"31477","BioStack Platforms","biostack-platforms","P26","Active","2026-03-26T09:52:56.000Z","https://www.getbiostack.com/","https://www.ycombinator.com/companies/biostack-platforms"
"31293","Bloom","trybloom","P26","Active","2026-04-15T17:58:08.000Z","https://trybloom.ai","https://www.ycombinator.com/companies/trybloom"
"31416","Callab AI","callab-ai","P26","Active","2026-03-13T15:47:49.000Z","https://callab.ai","https://www.ycombinator.com/companies/callab-ai"
"31543","CentralComs","centralcoms","P26","Active","2026-05-28T17:28:26.000Z","https://centralcoms.com","https://www.ycombinator.com/companies/centralcoms"
"31513","CharacterQuilt","characterquilt","P26","Active","2026-05-10T23:16:55.000Z","https://characterquilt.com","https://www.ycombinator.com/companies/characterquilt"
"31364","Chert","chert","P26","Active","2026-04-25T22:18:35.000Z","https://www.trychert.com/","https://www.ycombinator.com/companies/chert"
"31468","Chronicle Labs","chronicle-labs","P26","Active","2026-05-05T17:18:06.000Z","https://chronicle-labs.com","https://www.ycombinator.com/companies/chronicle-labs"
"31117","Cignara","cignara","P26","Active","2025-12-24T05:14:44.000Z","https://cignara.com/","https://www.ycombinator.com/companies/cignara"
"31063","Clara","clara-2","P26","Active","2026-03-20T18:30:25.000Z","http://askclara.com","https://www.ycombinator.com/companies/clara-2"
"31554","Clawvisor","clawvisor","P26","Active","2026-05-06T15:34:08.000Z","https://clawvisor.com","https://www.ycombinator.com/companies/clawvisor"
"31562","Cohesion","cohesion","P26","Active","2026-04-14T02:05:40.000Z","https://cohesionplatform.com/","https://www.ycombinator.com/companies/cohesion"
"31443","Complir","complir","P26","Active","2026-03-31T05:09:43.000Z","https://complir.io/","https://www.ycombinator.com/companies/complir"
"31370","Dayjob","dayjob","P26","Active","2026-04-05T16:43:30.000Z","https://www.getdayjob.ai","https://www.ycombinator.com/companies/dayjob"
"31395","Deep Interactions","deep-interactions","P26","Active","2026-05-16T22:29:50.000Z","https://deepinteractions.ai/","https://www.ycombinator.com/companies/deep-interactions"
"31362","Discovered Materials","discovered-materials","P26","Active","2026-03-18T22:58:39.000Z","https://discoveredmaterials.com","https://www.ycombinator.com/companies/discovered-materials"
"31294","Dispatch","dispatch","P26","Active","2026-03-10T18:17:19.000Z","https://dispatch.space/","https://www.ycombinator.com/companies/dispatch"
"31157","Drafted","drafted","P26","Active","2026-05-29T00:14:20.000Z","https://www.drafted.ai/","https://www.ycombinator.com/companies/drafted"
"31414","Dreach","dreach","P26","Active","2026-04-24T16:45:03.000Z","https://dreach.ai","https://www.ycombinator.com/companies/dreach"
"31454","ED1TH","ed1th","P26","Active","2026-03-02T21:54:29.000Z","https://www.ed1th.com","https://www.ycombinator.com/companies/ed1th"
"31489","Eden Robotics","eden-robotics","P26","Active","2026-04-06T03:43:57.000Z","https://www.edenrobotics.ai","https://www.ycombinator.com/companies/eden-robotics"
"31388","Elyra","elyra","P26","Active","2026-04-14T08:51:48.000Z","https://www.elyrasystems.com/","https://www.ycombinator.com/companies/elyra"
"31549","Enjamb Labs","enjamb-labs","P26","Active","2026-05-28T00:47:06.000Z","https://www.enjamb.ai","https://www.ycombinator.com/companies/enjamb-labs"
"31516","Expanse","expanse","P26","Active","2026-05-03T23:11:06.000Z","https://expanse.sh","https://www.ycombinator.com/companies/expanse"
"30915","FinalDose","finaldose","P26","Active","2026-05-11T23:53:17.000Z","https://finaldose.ai/","https://www.ycombinator.com/companies/finaldose"
"31538","flowscope","flowscope","P26","Active","2026-05-10T23:53:15.000Z","https://flowscope.com","https://www.ycombinator.com/companies/flowscope"
"31488","Foaster","foaster","P26","Active","2026-03-17T10:40:30.000Z","https://foaster.ai","https://www.ycombinator.com/companies/foaster"
"30737","Foresight","foresight","P26","Active","2026-05-07T13:31:17.000Z","https://foresight.tt/","https://www.ycombinator.com/companies/foresight"
"31553","Framewise Health","framewise-health","P26","Active","2026-04-08T21:12:17.000Z","https://framewisehealth.com","https://www.ycombinator.com/companies/framewise-health"
"31102","Fuchsia","fuchsia","P26","Active","2026-03-09T00:55:25.000Z","https://getfuchsia.ai/","https://www.ycombinator.com/companies/fuchsia"
"31501","General Aviation","general-aviation","P26","Active","2026-05-14T07:12:02.000Z","https://generalaviation.com","https://www.ycombinator.com/companies/general-aviation"
"31456","General Instinct","general-instinct","P26","Active","2026-05-18T07:15:48.000Z","https://general-instinct.com/","https://www.ycombinator.com/companies/general-instinct"
"31536","Gigacatalyst","gigacatalyst","P26","Active","2026-04-03T05:09:16.000Z","https://gigacatalyst.com/","https://www.ycombinator.com/companies/gigacatalyst"
"31426","Gojiberry AI","gojiberry-ai","P26","Active","2026-03-25T09:15:48.000Z","https://www.gojiberry.ai","https://www.ycombinator.com/companies/gojiberry-ai"
"31381","GovGuard","govguard","P26","Active","2026-04-21T21:33:52.000Z","https://govguard.com","https://www.ycombinator.com/companies/govguard"
"31522","Gravy","gravy","P26","Active","2026-05-26T15:57:50.000Z","https://gravy.finance","https://www.ycombinator.com/companies/gravy"
"31445","Harbor","runharbor","P26","Active","2026-03-12T18:39:17.000Z","https://runharbor.com/","https://www.ycombinator.com/companies/runharbor"
"31323","Hedge","hedge","P26","Active","2026-04-30T21:56:22.000Z","https://www.hedgespecialty.com/","https://www.ycombinator.com/companies/hedge"
"31496","Hessian","hessian","P26","Active","2026-05-19T06:54:46.000Z","https://hessian.sh","https://www.ycombinator.com/companies/hessian"
"31391","HEVN, inc","hevn-inc","P26","Active","2026-04-29T21:38:25.000Z","https://gethevn.com","https://www.ycombinator.com/companies/hevn-inc"
"31350","Hexa","hexa","P26","Active","2026-05-15T01:15:56.000Z","https://www.hexaagents.com","https://www.ycombinator.com/companies/hexa"
"31574","HeyClicky","heyclicky","P26","Active","2026-05-12T19:45:42.000Z","https://heyclicky.com/","https://www.ycombinator.com/companies/heyclicky"
"31375","Hub","hub","P26","Active","2026-03-13T19:10:14.000Z","https://hub.xyz","https://www.ycombinator.com/companies/hub"
"30646","Humwork","humwork","P26","Active","2025-07-30T02:44:08.000Z","https://humwork.ai","https://www.ycombinator.com/companies/humwork"
"31564","Huscarl","huscarl","P26","Active","2026-04-21T18:56:13.000Z","https://www.huscarl.io/","https://www.ycombinator.com/companies/huscarl"
"31548","Hyper","hyper-4","P26","Active","2026-05-07T07:53:43.000Z","https://heyhyper.ai","https://www.ycombinator.com/companies/hyper-4"
"31076","Imperfect","imperfect","P26","Active","2026-04-14T23:01:57.000Z","https://imperfect.co","https://www.ycombinator.com/companies/imperfect"
"31365","Incandor","incandor","P26","Active","2026-05-15T05:26:35.000Z","https://www.incandor.com","https://www.ycombinator.com/companies/incandor"
"31441","Infera","infera","P26","Active","2026-05-27T21:19:07.000Z","https://www.infera.bio","https://www.ycombinator.com/companies/infera"
"31369","InLoop Robotics","inloop-robotics","P26","Active","2026-03-29T16:24:48.000Z","https://inloop-robotics.com/","https://www.ycombinator.com/companies/inloop-robotics"
"31547","InsForge","insforge","P26","Active","2026-04-15T06:31:16.000Z","https://insforge.dev/","https://www.ycombinator.com/companies/insforge"
"31409","InstaAgent","instaagent","P26","Active","2026-05-07T21:04:43.000Z","https://instaagent.com","https://www.ycombinator.com/companies/instaagent"
"31560","Intelligence Factory","intelligence-factory","P26","Active","2026-04-29T21:53:38.000Z","https://intelligence-factory.com","https://www.ycombinator.com/companies/intelligence-factory"
"31386","Interfaze","interfaze","P26","Active","2026-03-29T19:22:07.000Z","https://interfaze.ai","https://www.ycombinator.com/companies/interfaze"
"31246","Inth","inth","P26","Active","2026-04-13T15:59:01.000Z","https://inth.com","https://www.ycombinator.com/companies/inth"
"29155","jo","jo","P26","Active","2024-12-20T00:29:45.000Z","https://askjo.ai","https://www.ycombinator.com/companies/jo"
"31383","Juno","juno-chat","P26","Active","2026-04-21T06:06:21.000Z","https://junocompanion.com/","https://www.ycombinator.com/companies/juno-chat"
"31393","KelAI","kelai","P26","Active","2026-05-18T04:12:33.000Z","https://kelaitech.com/","https://www.ycombinator.com/companies/kelai"
"31432","Keyframe Labs","keyframe-labs","P26","Active","2026-03-23T18:21:25.000Z","https://keyframelabs.com","https://www.ycombinator.com/companies/keyframe-labs"
"31420","Kimpton AI","kimpton-ai","P26","Active","2026-03-20T20:48:36.000Z","https://kimpton.ai","https://www.ycombinator.com/companies/kimpton-ai"
"31520","Kinect","kinect","P26","Active","2026-04-19T18:54:09.000Z","https://www.trykinect.ai/","https://www.ycombinator.com/companies/kinect"
"31382","Kinro","kinro","P26","Active","2026-03-19T18:28:58.000Z","https://www.kinro.com/","https://www.ycombinator.com/companies/kinro"
"31539","Klaimee","klaimee","P26","Active","2026-04-06T06:20:12.000Z","https://www.klaimee.ai","https://www.ycombinator.com/companies/klaimee"
"31326","Klarify","klarify","P26","Active","2026-05-08T19:17:11.000Z","https://www.klarify.ca/","https://www.ycombinator.com/companies/klarify"
"31327","Korso","korso","P26","Active","2026-03-12T18:14:15.000Z","https://korsoai.com/","https://www.ycombinator.com/companies/korso"
"31540","KugelAudio","kugelaudio","P26","Active","2026-04-30T23:09:52.000Z","https://kugelaudio.com/en","https://www.ycombinator.com/companies/kugelaudio"
"31473","Kuli","kuli","P26","Active","2026-04-06T20:46:28.000Z","https://kuli.one","https://www.ycombinator.com/companies/kuli"
"31424","Lab0","lab0","P26","Active","2026-04-03T03:50:46.000Z","https://lab0.ai","https://www.ycombinator.com/companies/lab0"
"31421","Lamina Labs","lamina-labs","P26","Active","2026-03-11T03:25:17.000Z","https://laminalabs.ai","https://www.ycombinator.com/companies/lamina-labs"
"31533","Lattice Health","lattice-health","P26","Active","2026-05-21T16:01:10.000Z","https://www.latticehealthai.com/","https://www.ycombinator.com/companies/lattice-health"
"31376","Light Anchor","light-anchor","P26","Active","2026-04-30T18:58:12.000Z","https://lightanchor.ai","https://www.ycombinator.com/companies/light-anchor"
"31360","Lightsprint","lightsprint","P26","Active","2026-04-18T18:38:41.000Z","https://lightsprint.ai","https://www.ycombinator.com/companies/lightsprint"
"31377","Limrun","limrun","P26","Active","2026-05-19T22:48:15.000Z","https://lim.run","https://www.ycombinator.com/companies/limrun"
"31046","Linzumi","linzumi","P26","Active","2026-06-11T21:59:35.000Z","https://linzumi.com","https://www.ycombinator.com/companies/linzumi"
"31435","Lumius","lumius","P26","Active","2026-04-02T21:24:37.000Z","https://www.lumius-imaging.com","https://www.ycombinator.com/companies/lumius"
"31399","Madrone","madrone","P26","Active","2026-05-11T17:27:15.000Z","https://madrone.cool/","https://www.ycombinator.com/companies/madrone"
"31531","Manicule","manicule","P26","Active","2026-03-14T10:42:10.000Z","https://manicule.com","https://www.ycombinator.com/companies/manicule"
"31561","Maquoketa Research","maquoketa-research","P26","Active","2026-03-26T02:08:33.000Z","https://www.maquoketa.net","https://www.ycombinator.com/companies/maquoketa-research"
"31335","Memoir","memoir","P26","Active","2026-05-15T02:34:36.000Z","https://www.trymemoir.ai/","https://www.ycombinator.com/companies/memoir"
"31482","Memory Store","memory-store","P26","Active","2026-04-26T06:26:27.000Z","https://memory.store","https://www.ycombinator.com/companies/memory-store"
"31453","Minicor","minicor","P26","Active","2026-03-06T00:13:48.000Z","https://minicor.com","https://www.ycombinator.com/companies/minicor"
"30723","Miso Labs","miso-labs","P26","Active","2026-05-30T21:26:33.000Z","https://misolabs.ai","https://www.ycombinator.com/companies/miso-labs"
"31529","Mochatrade","mochatrade","P26","Active","2026-04-02T20:43:09.000Z","https://www.mochatrade.com","https://www.ycombinator.com/companies/mochatrade"
"31545","Modern","modern","P26","Active","2026-04-11T14:35:36.000Z","https://getmodern.ai","https://www.ycombinator.com/companies/modern"
"31440","Mount","mount","P26","Active","2026-04-07T23:40:48.000Z","https://mount.insure","https://www.ycombinator.com/companies/mount"
"31343","Multiplier","multiplier","P26","Active","2026-05-11T19:17:54.000Z","https://multiplier.ai","https://www.ycombinator.com/companies/multiplier"
"31427","Napkin Math","napkin-math","P26","Active","2026-04-09T02:12:30.000Z","https://napkinmath.club","https://www.ycombinator.com/companies/napkin-math"
"31221","Netter","netter","P26","Active","2026-05-06T00:49:10.000Z","https://netter.ai","https://www.ycombinator.com/companies/netter"
"31366","Nine Fives","nine-fives","P26","Active","2026-04-03T23:47:16.000Z","https://ninefives.com/","https://www.ycombinator.com/companies/nine-fives"
"31429","Oddpool","oddpool","P26","Active","2026-03-18T18:47:40.000Z","https://www.oddpool.com","https://www.ycombinator.com/companies/oddpool"
"31428","Ontora","ontora","P26","Active","2026-03-14T11:28:14.000Z","https://ontora.com","https://www.ycombinator.com/companies/ontora"
"31500","OpenProse","openprose","P26","Active","2026-05-19T14:05:33.000Z","https://prose.md","https://www.ycombinator.com/companies/openprose"
"31505","OpenWork","openwork","P26","Active","2026-03-23T14:51:04.000Z","https://openworklabs.com","https://www.ycombinator.com/companies/openwork"
"31486","Ornadyne","ornadyne","P26","Active","2026-04-28T02:17:20.000Z","https://ornadyne.com/","https://www.ycombinator.com/companies/ornadyne"
"31417","Pairio","pairio","P26","Active","2026-04-17T01:54:59.000Z","https://pairio.com","https://www.ycombinator.com/companies/pairio"
"31544","Panacea","panacea","P26","Active","2026-05-16T21:53:03.000Z","https://withpanacea.com","https://www.ycombinator.com/companies/panacea"
"31439","Parrot","useparrot","P26","Active","2026-03-25T13:38:42.000Z","https://www.useparrot.com/","https://www.ycombinator.com/companies/useparrot"
"31398","Pavoot","pavoot","P26","Active","2026-05-06T16:26:24.000Z","https://pavoot.com","https://www.ycombinator.com/companies/pavoot"
"31512","Pentagon","pentagon","P26","Active","2026-04-04T14:17:01.000Z","https://pentagon.run","https://www.ycombinator.com/companies/pentagon"
"31333","PerfectBit, Inc.","perfectbit-inc","P26","Active","2026-03-12T23:48:26.000Z","https://perfectbit.ai","https://www.ycombinator.com/companies/perfectbit-inc"
"31460","PLAN0 AI","plan0-ai","P26","Active","2026-04-29T23:12:59.000Z","https://plan0.ai/","https://www.ycombinator.com/companies/plan0-ai"
"31550","Playabl.ai","playablai","P26","Active","2026-03-17T21:33:00.000Z","https://playabl.ai","https://www.ycombinator.com/companies/playablai"
"31493","Plena Health","plena-health","P26","Active","2026-05-30T02:00:06.000Z","https://www.plena.health/","https://www.ycombinator.com/companies/plena-health"
"31041","Ploy","ploy","P26","Active","2026-06-08T22:42:36.000Z","https://ploy.ai","https://www.ycombinator.com/companies/ploy"
"31480","Pops","pops","P26","Active","2026-05-05T23:11:20.000Z","https://pops.fyi","https://www.ycombinator.com/companies/pops"
"31329","primitive","primitive","P26","Active","2026-03-10T05:49:47.000Z","https://primitive.dev","https://www.ycombinator.com/companies/primitive"
"30944","Prism","tryprism","P26","Active","2025-11-04T22:24:08.000Z","https://tryprism.com/","https://www.ycombinator.com/companies/tryprism"
"31507","ProjectX","projectx","P26","Active","2026-03-14T01:51:20.000Z","https://www.projectx.cloud/","https://www.ycombinator.com/companies/projectx"
"31436","Prototyping.io","prototypingio","P26","Active","2026-03-25T08:00:08.000Z","https://www.prototyping.io","https://www.ycombinator.com/companies/prototypingio"
"31396","qomplement","qomplement","P26","Active","2026-02-24T04:32:44.000Z","https://qomplement.com","https://www.ycombinator.com/companies/qomplement"
"31494","RASPIRE","raspire","P26","Active","2026-05-28T20:45:40.000Z","https://raspire.com/","https://www.ycombinator.com/companies/raspire"
"31546","ReasonBlocks","reasonblocks","P26","Active","2026-04-27T09:38:33.000Z","https://reasonblocks.com/","https://www.ycombinator.com/companies/reasonblocks"
"31279","Regbase","regbase","P26","Active","2026-04-13T20:42:59.000Z","https://regbase.com","https://www.ycombinator.com/companies/regbase"
"31410","RentAHuman","rentahuman","P26","Active","2026-04-20T23:28:50.000Z","https://rentahuman.ai","https://www.ycombinator.com/companies/rentahuman"
"31345","Replicas","replicas","P26","Active","2026-03-12T22:52:16.000Z","https://replicas.dev","https://www.ycombinator.com/companies/replicas"
"31438","Result","result","P26","Active","2026-05-20T03:42:29.000Z","https://result.dev/","https://www.ycombinator.com/companies/result"
"31527","Revnu","revnu","P26","Active","2026-04-22T14:54:23.000Z","https://revnu.com","https://www.ycombinator.com/companies/revnu"
"31450","River Markets","river-markets","P26","Active","2026-05-20T22:14:17.000Z","https://www.rivermarkets.com","https://www.ycombinator.com/companies/river-markets"
"31346","Rudus","rudus","P26","Active","2026-05-04T07:31:28.000Z","http://rudus.ai/","https://www.ycombinator.com/companies/rudus"
"31518","Runtime","runtime","P26","Active","2026-03-19T20:10:01.000Z","https://www.runtm.com/","https://www.ycombinator.com/companies/runtime"
"31363","Saffron","saffron","P26","Active","2026-03-18T05:12:48.000Z","https://www.trysaffron.ai/","https://www.ycombinator.com/companies/saffron"
"31408","Salesgraph","salesgraph","P26","Active","2026-04-03T23:42:35.000Z","https://www.salesgraph.com/","https://www.ycombinator.com/companies/salesgraph"
"31481","Saudara AI","saudara-ai","P26","Active","2026-03-30T16:17:43.000Z","https://saudara.ai","https://www.ycombinator.com/companies/saudara-ai"
"31433","Savant","savant","P26","Active","2026-06-12T17:13:58.000Z","https://heysavant.com/","https://www.ycombinator.com/companies/savant"
"31211","Sazabi","sazabi","P26","Active","2026-03-26T01:35:44.000Z","https://www.sazabi.com/","https://www.ycombinator.com/companies/sazabi"
"31351","Scope","scope","P26","Active","2026-05-06T00:13:38.000Z","https://tryscope.app","https://www.ycombinator.com/companies/scope"
"31407","Sherpa","sherpa","P26","Active","2026-03-30T20:14:56.000Z","https://www.withsherpa.ai/","https://www.ycombinator.com/companies/sherpa"
"31400","shotwell.ai","shotwellai","P26","Active","2026-06-01T18:55:27.000Z","http://shotwell.ai/","https://www.ycombinator.com/companies/shotwellai"
"31478","Silmaril","silmaril","P26","Active","2026-04-09T14:37:24.000Z","https://silmaril.dev","https://www.ycombinator.com/companies/silmaril"
"30779","Smartbase","smartbase","P26","Active","2025-07-29T03:03:41.000Z","https://www.smartbase.so/","https://www.ycombinator.com/companies/smartbase"
"31448","smol machines","smol-machines","P26","Active","2026-04-02T16:46:50.000Z","https://smolmachines.com/","https://www.ycombinator.com/companies/smol-machines"
"31464","Soria","soria","P26","Active","2026-05-26T22:46:23.000Z","https://www.soriaanalytics.com/","https://www.ycombinator.com/companies/soria"
"31419","StableBrowse","stablebrowse","P26","Active","2026-03-30T04:01:55.000Z","https://stablebrowse.ai/","https://www.ycombinator.com/companies/stablebrowse"
"31332","Stage","stage","P26","Active","2026-03-23T20:31:50.000Z","https://www.tryluke.dev/","https://www.ycombinator.com/companies/stage"
"31330","Standard Signal","standard-signal","P26","Active","2026-04-02T19:59:25.000Z","https://standardsignal.com","https://www.ycombinator.com/companies/standard-signal"
"31402","Standout","standout","P26","Active","2026-03-13T15:17:37.000Z","https://standout.work","https://www.ycombinator.com/companies/standout"
"31380","Superlog","superlog","P26","Active","2026-04-03T14:04:09.000Z","https://superlog.sh/","https://www.ycombinator.com/companies/superlog"
"31222","Superset","superset","P26","Active","2026-03-05T07:45:52.000Z","https://www.superset.sh/","https://www.ycombinator.com/companies/superset"
"31325","Surtr Defense Systems","surtr-defense-systems","P26","Active","2026-05-12T08:07:38.000Z","https://surtrdefense.com","https://www.ycombinator.com/companies/surtr-defense-systems"
"31415","Synphony","synphony","P26","Active","2026-05-08T20:33:00.000Z","https://www.synphony.co/","https://www.ycombinator.com/companies/synphony"
"31418","Taiga","taiga","P26","Active","2026-04-06T21:40:30.000Z","https://taigabilling.com","https://www.ycombinator.com/companies/taiga"
"30963","TakeCareOS","takecareos","P26","Active","2025-10-16T20:04:06.000Z","https://takecareos.com","https://www.ycombinator.com/companies/takecareos"
"31470","Tasklet","tasklet-2","P26","Active","2026-04-03T21:29:57.000Z","https://tasklet.ai","https://www.ycombinator.com/companies/tasklet-2"
"31455","tday.com","tdaycom","P26","Active","2026-06-01T08:26:46.000Z","https://tday.com","https://www.ycombinator.com/companies/tdaycom"
"31374","Tenet Industries","tenet-industries","P26","Active","2026-04-02T23:40:31.000Z","https://www.tenetindustries.com","https://www.ycombinator.com/companies/tenet-industries"
"31491","TesterArmy","testerarmy","P26","Active","2026-03-17T17:06:11.000Z","https://tester.army","https://www.ycombinator.com/companies/testerarmy"
"31371","The Company Company","the-company-company","P26","Active","2026-05-11T06:02:22.000Z","https://www.thecompany.company","https://www.ycombinator.com/companies/the-company-company"
"31563","Thomas","thomas","P26","Active","2026-05-29T00:55:01.000Z","https://madebythomas.ai","https://www.ycombinator.com/companies/thomas"
"31506","Tolmo","tolmo","P26","Active","2026-06-17T19:58:46.000Z","https://www.tolmo.com","https://www.ycombinator.com/companies/tolmo"
"31344","Totalis","totalis","P26","Active","2026-03-29T00:39:26.000Z","https://www.totalis.trade","https://www.ycombinator.com/companies/totalis"
"31403","transload","transload","P26","Active","2026-05-16T01:53:50.000Z","https://www.transload.ai","https://www.ycombinator.com/companies/transload"
"31372","Trellis","trellistech","P26","Active","2026-04-06T23:54:19.000Z","https://trellistech.com","https://www.ycombinator.com/companies/trellistech"
"31359","Twolabs","twolabs","P26","Active","2026-05-26T00:27:00.000Z","https://www.twolabs.ai","https://www.ycombinator.com/companies/twolabs"
"31526","Uno Wallet","uno-wallet","P26","Active","2026-05-26T22:28:13.000Z","https://myunowallet.com/","https://www.ycombinator.com/companies/uno-wallet"
"31404","Userlens","userlens","P26","Active","2026-04-02T19:14:28.000Z","https://userlens.io","https://www.ycombinator.com/companies/userlens"
"31457","ValCtrl","valctrl","P26","Active","2026-05-27T22:47:39.000Z","https://valctrl.com","https://www.ycombinator.com/companies/valctrl"
"31430","Voquill","voquill","P26","Active","2026-05-20T13:35:37.000Z","https://voquill.com/","https://www.ycombinator.com/companies/voquill"
"31466","Walter","walter","P26","Active","2026-05-27T22:10:38.000Z","https://www.walter.one","https://www.ycombinator.com/companies/walter"
"31472","Wato","wato","P26","Active","2026-05-17T23:10:09.000Z","https://www.watolabs.com/","https://www.ycombinator.com/companies/wato"
"31390","Wealor","wealor","P26","Active","2026-05-28T07:00:03.000Z","https://wealor.ai/","https://www.ycombinator.com/companies/wealor"
"31517","YouArt","youart","P26","Active","2026-05-01T23:00:28.000Z","https://youart.ai","https://www.ycombinator.com/companies/youart"
"31368","Zenbu","zenbu-2","P26","Active","2026-06-03T03:42:45.000Z","https://www.zenbu.dev/","https://www.ycombinator.com/companies/zenbu-2"
"31459","Zibra Labs","zibra-labs","P26","Active","2026-05-02T00:43:53.000Z","https://zibralabs.ai/","https://www.ycombinator.com/companies/zibra-labs"
"31385","Zolvo","zolvo","P26","Active","2026-03-13T01:07:42.000Z","https://zolvo.com/","https://www.ycombinator.com/companies/zolvo"
