"editorial_order","name","target","companies","linkedin_url","followers","status","profile_name","confidence","match_source","match_evidence","observed_at","source","source_evidence_label","source_evidence_url"
"1","Mohamed Alabbar","false","Emaar Properties · noon","https://www.linkedin.com/in/mohammed-alabbar","8597","verified","Mohammed Alabbar","high","linkedin-public-search","Profile biography identifies Mohamed Ali Alabbar and his Emaar and noon company-building record.","2026-09-01","founder-search","Emaar · founder profile","https://www.emaar.com/en/about-emaar"
"2","Fadi Ghandour","false","Aramex · Wamda","https://www.linkedin.com/in/fadi-ghandour-52353b","747562","verified","Fadi Ghandour","high","unified-people-exact-match","Exact normalized name with one LinkedIn personal profile in the unified people dataset.","2026-09-01","founder-search","Wamda Capital · our story","https://wamdacapital.com/our-story/"
"3","Naguib Sawiris","false","Orascom Telecom · Orascom Investment Holding","","","unresolved","","","linkedin-public-search","LinkedIn directory and company posts confirm the person, but no personal profile URL could be verified; a prominent namesake at Manara School was rejected.","2026-09-01","founder-search","Orascom Investment Holding · company history","https://www.orascomih.com/en/about/"
"4","Nassef Sawiris","false","Orascom Construction · OCI","https://www.linkedin.com/in/nassefsawiris","","verified","Nassef Sawiris","high","linkedin-public-search","Profile identity and OCI leadership history agree; a lower-quality namesake result was rejected.","2026-09-01","founder-search","Sawiris Foundation · founders and trustees","https://sawirisfoundation.org/about-us/"
"5","Samih Sawiris","false","Orascom Development · El Gouna","https://www.linkedin.com/in/samih-sawiris-707592b0","","verified","Samih Sawiris","high","linkedin-public-search","Profile identifies Orascom Hotels and Development experience.","2026-09-01","founder-search","Sawiris Foundation · founders and trustees","https://sawirisfoundation.org/about-us/"
"6","Hussain Sajwani","false","DAMAC Properties · DAMAC Group","https://www.linkedin.com/in/hussainsajwani","","verified","Hussain Sajwani","high","linkedin-public-search","Profile identifies the DAMAC founder and chairman and has a substantial public following.","2026-09-01","founder-search","Hussain Sajwani · official profile","https://hussainsajwani.com/profile/"
"7","Khalaf Ahmad Al Habtoor","false","Al Habtoor Group","https://www.linkedin.com/in/khalaf-ahmad-al-habtoor-8674a3112","","verified","Khalaf Ahmad Al Habtoor","medium","linkedin-public-search","Exact name and Al Habtoor Group company evidence agree; public activity is limited.","2026-09-01","founder-search","Al Habtoor Group · chairman profile","https://www.habtoor.com/en/3/the-group/chairmans-profile/"
"8","Sulaiman Al Habib","false","Dr. Sulaiman Al Habib Medical Services Group","https://www.linkedin.com/in/dr-sulaiman-al-habib-63914843","","verified","Dr. Sulaiman Al Habib","high","linkedin-public-search","Profile identifies Dr. Sulaiman Al-Habib Medical Group.","2026-09-01","founder-search","Saudi Exchange · HMG prospectus","https://www.saudiexchange.sa/wps/wcm/connect/7c965f6c-9366-4519-994c-50ee1f6a8a15/HMG.pdf?CACHE=NONE&ContentCache=NONE&MOD=AJPERES"
"9","Mohammad Abunayyan","false","ACWA Power · Vision Invest","","","unresolved","","","linkedin-public-search","ACWA Power and family-company posts confirm the person, but searches returned no verifiable personal profile.","2026-09-01","founder-search","ACWA Power · about us","https://www.acwapower.com/en/who-we-are/about-us/"
"10","Waleed Al Ibrahim","false","MBC Group","","","unresolved","","","linkedin-public-search","MBC posts and official records confirm the person, but searches returned no verifiable personal profile among many namesakes.","2026-09-01","founder-search","Saudi CMA · MBC prospectus","https://cma.gov.sa/en/Market/Prospectuses/Documents/MBC_En.pdf"
"11","Talal Abu-Ghazaleh","false","Talal Abu-Ghazaleh Global","","","unresolved","","","linkedin-public-search","No verifiable personal founder profile was found; the exact-name profile returned by search belongs to a younger finance professional and was rejected.","2026-09-01","founder-search","Talal Abu-Ghazaleh · official profile","https://www.talalabughazaleh.com/Profile/en"
"12","Bashar Masri","false","Massar International · Rawabi","https://www.linkedin.com/in/bashar-masri-bm","","verified","Bashar Masri","high","linkedin-public-search","Profile identity and Massar and Rawabi leadership evidence agree.","2026-09-01","founder-search","Bashar Masri · official profile","https://www.basharmasri.com/en/bashar-masri"
"13","Ghassan Aboud","false","Ghassan Aboud Holding","https://www.linkedin.com/in/ghassan-aboud","","verified","Ghassan Aboud","high","linkedin-public-search","Profile identifies the chairman of Ghassan Aboud Holding.","2026-09-01","founder-search","Ghassan Aboud Holding · about","https://gaholding.com/about/"
"14","Shamsheer Vayalil","false","Burjeel Holdings · VPS Healthcare","https://www.linkedin.com/in/dr-shamsheer-vayalil-77850b1a","","verified","Dr. Shamsheer Vayalil","high","linkedin-public-search","Profile identity and Burjeel and VPS Healthcare leadership evidence agree.","2026-09-01","founder-search","Burjeel Holdings · leadership","https://burjeelholdings.com/company/leadership/"
"15","Faisal Al Bannai","false","Axiom Telecom · DarkMatter","","","unresolved","","","linkedin-public-search","EDGE and Axiom posts confirm the person, but no personal profile URL could be verified.","2026-09-01","founder-search","Axiom Telecom · about","https://axiomtelecom.com/about.html"
"16","Huda Kattan","false","Huda Beauty","https://www.linkedin.com/in/hkattan","","verified","Huda Kattan","high","linkedin-public-search","Established Dubai profile identifies Huda Beauty; low-follower duplicate profiles were rejected.","2026-09-01","founder-search","Huda Beauty · founder ownership announcement","https://www.prnewswire.com/news-releases/huda-beauty-reclaims-full-ownership-as-an-independent-beauty-brand-302471853.html"
"17","Elie Saab","false","ELIE SAAB","","","unresolved","","","linkedin-public-search","The official ELIE SAAB company page is active, but no personal profile for the fashion-house founder could be verified; an EY namesake was rejected.","2026-09-01","founder-search","ELIE SAAB · brand story","https://eliesaab.com/pages/about-us"
"18","Samih Toukan","false","Maktoob · Jabbar Internet Group","https://www.linkedin.com/in/samihtoukan","12462","verified","Samih Toukan","high","linkedin-public-search","Profile identifies Maktoob and Jabbar Internet Group founder history.","2026-09-01","founder-search","Royal Hashemite Court · Maktoob founders","https://rhc.jo/en/news/king-congratulates-maktoob-founders-yahoo-deal"
"19","Hussam Khoury","false","Maktoob · Jabbar Internet Group","https://www.linkedin.com/in/hkhoury","","verified","Hussam Khoury","high","linkedin-public-search","Profile identifies Jabbar Internet Group and agrees with Maktoob founder history.","2026-09-01","founder-search","Royal Hashemite Court · Maktoob founders","https://rhc.jo/en/news/king-congratulates-maktoob-founders-yahoo-deal"
"20","Ronaldo Mouchawar","false","Souq.com · Amazon MENA","https://www.linkedin.com/in/ronaldomouchawar","15169","verified","Ronaldo Mouchawar","high","unified-people-exact-match","Exact normalized name with one LinkedIn personal profile in the unified people dataset.","2026-09-01","founder-search","Amazon · Souq acquisition","https://press.aboutamazon.com/2017/3/amazon-to-acquire-souq-com"
"21","Mudassir Sheikha","false","Careem","https://www.linkedin.com/in/mudassirsheikha","32761","verified","Mudassir Sheikha","high","unified-people-exact-match","Exact normalized name with one LinkedIn personal profile in the unified people dataset.","2026-09-01","founder-search","Careem · about us","https://www.careem.com/en-EG/about-us/"
"22","Magnus Olsson","false","Careem","https://www.linkedin.com/in/magnuskolsson","4424","verified","Karl Magnus Olsson","high","linkedin-public-search","Full-name variant and Careem co-founder evidence agree.","2026-09-01","founder-search","Careem · about us","https://www.careem.com/en-EG/about-us/"
"23","Abdulla Elyas","false","Careem · Enwani","https://www.linkedin.com/in/abdullaelyas","8386","verified","Abdulla Nadeem Elyas","high","linkedin-public-search","Full-name variant and Careem co-founder evidence agree.","2026-09-01","founder-search","Careem · about us","https://www.careem.com/en-EG/about-us/"
"24","Mona Ataya","false","Mumzworld","","","unresolved","","","linkedin-public-search","Mumzworld and event posts confirm the person, but LinkedIn directory results did not expose a matching personal profile and unrelated namesakes were rejected.","2026-09-01","founder-search","Mumzworld · founder interview","https://blog.mumzworld.com/en/one-one-mona-ataya-founder-ceo-mumzworld"
"25","Ameer Sherif","false","WUZZUF · Forasna","https://www.linkedin.com/in/ameersherif","40771","verified","Ameer Sherif","high","linkedin-public-search","Supplied LinkedIn profile identity and WUZZUF and Forasna founder roles agree with the official World Economic Forum biography.","2026-09-01","founder-search","World Economic Forum · Ameer Sherif profile","https://www.weforum.org/people/ameer-sherif/"
"26","Mona Kattan","false","KAYALI · Huda Beauty","https://www.linkedin.com/in/monakattan","","verified","Mona Monica Kattan","high","linkedin-public-search","Profile identifies the KAYALI founder and CEO and Huda Beauty co-founder.","2026-09-01","founder-search","KAYALI · about","https://kayali.com/en-au/pages/about"
"27","Mounir Nakhla","false","MNT-Halan · Mashroey · Tasaheel","https://www.linkedin.com/in/mounir-nakhla","10390","verified","Mounir Nakhla","high","unified-people-exact-match","Exact normalized name with one LinkedIn personal profile in the unified people dataset.","2026-09-01","founder-search","Halan · about","https://halan.com/about/"
"28","Hosam Arab","false","Tabby · Namshi","https://www.linkedin.com/in/hosam","13684","verified","Hosam Arab","high","unified-people-exact-match","Exact normalized name with one LinkedIn personal profile in the unified people dataset.","2026-09-01","founder-search","Tabby · about","https://tabby.sa/ar-SA/help-business/about-tabby/about-us"
"29","Abdulmajeed Alsukhan","false","Tamara","https://www.linkedin.com/in/abdulmajeed-alsukhan-%D8%B9%D8%A8%D8%AF%D8%A7%D9%84%D9%85%D8%AC%D9%8A%D8%AF-%D8%A7%D9%84%D8%B5%D9%8A%D8%AE%D8%A7%D9%86-13000a58","10568","verified","Abdulmajeed Alsukhan","high","unified-people-exact-match","Exact normalized name with one LinkedIn personal profile in the unified people dataset.","2026-09-01","founder-search","Tamara · founding announcement","https://tamara.co/en-ae/blog-post/press-release-1"
"30","Mohamad Ballout","false","Kitopi","https://www.linkedin.com/in/mohamad-ballout-6b88b584","6814","verified","Mohamad Ballout","high","linkedin-public-search","Profile identifies the Kitopi co-founder and CEO; a retail-sector namesake was rejected.","2026-09-01","founder-search","Kitopi · Series C announcement","https://www.kitopi.com/post/kitopi-announces-415-million-series-c-funding-round"
"31","Elie Habib","false","Anghami","https://www.linkedin.com/in/eliashabib","48998","verified","Elie Habib","high","unified-people-exact-match","Exact normalized name with one LinkedIn personal profile in the unified people dataset.","2026-09-01","founder-search","Anghami · investor relations","https://www.anghami.com/investors"
"32","Eddy Maroun","false","Anghami","https://www.linkedin.com/in/eddymaroun","8094","verified","Eddy Maroun","high","linkedin-public-search","Profile identifies Anghami co-founder history.","2026-09-01","founder-search","Anghami · Nasdaq listing","https://talks.anghami.com/anghami-lists-on-nasdaq/"
"33","Mostafa Kandil","false","Swvl","https://www.linkedin.com/in/mostafaeissakandil","19575","verified","Mostafa Kandil","high","unified-people-exact-match","Exact normalized name with one LinkedIn personal profile in the unified people dataset.","2026-09-01","founder-search","SEC · Swvl 2025 annual filing","https://www.sec.gov/Archives/edgar/data/1875609/000110465926045255/swvl-20251231x20f.htm"
"34","Amir Barsoum","false","Vezeeta","https://www.linkedin.com/in/amirmbarsoum","14298","verified","Amir Barsoum","high","unified-people-exact-match","Exact normalized name with one LinkedIn personal profile in the unified people dataset.","2026-09-01","founder-search","Vezeeta · leadership","https://www.vezeeta.com/ar/Generic/OurTeam"
"35","Waleed Sadek","false","PaySky · Yalla Super App","https://www.linkedin.com/in/waleed-sadek","21720","verified","Waleed Sadek","high","linkedin-public-search","Profile identity and PaySky, Yalla, and FinTra company evidence agree.","2026-09-01","founder-search","PaySky · founder profile","https://paysky.io/forbes-interview-with-dr-waleed-sadek-paysky-founder-ceo/"
"36","Islam Shawky","false","Paymob","https://www.linkedin.com/in/islam-shawky-993306265","9087","verified","Islam Shawky","high","unified-people-exact-match","Exact normalized name with one LinkedIn personal profile in the unified people dataset.","2026-09-01","founder-search","Paymob · about","https://www.paymob.sa/en/about-us"
"37","Omar Gabr","false","Instabug / Luciq","https://www.linkedin.com/in/okgabr","32398","verified","Omar Gabr","high","unified-people-exact-match","Exact normalized name with one LinkedIn personal profile in the unified people dataset.","2026-09-01","founder-search","The National · Instabug Series B","https://www.thenationalnews.com/business/start-ups/2022/05/18/instabug-raises-46m-to-build-new-app-performance-monitoring-platform/"
"38","Moataz Soliman","false","Instabug / Luciq","https://www.linkedin.com/in/mzsoliman","","verified","Moataz Soliman","medium","linkedin-public-search","Profile activity and projects identify Instabug and Luciq founder history; a PwC namesake was rejected.","2026-09-01","founder-search","Y Combinator · Luciq","https://www.ycombinator.com/companies/luciq"
"39","Shaista Asif","false","PureHealth","","","unresolved","","","linkedin-public-search","PureHealth posts confirm the person, but LinkedIn directory results contain unrelated namesakes and no personal executive profile could be verified.","2026-09-01","founder-search","PureHealth · co-founder appointment","https://purehealth.ae/shaista-asif-cofounder-of-purehealth-has-been-named-as-the-group-ceo/"
"40","Rana el Kaliouby","false","Affectiva","https://www.linkedin.com/in/kaliouby","","verified","Rana el Kaliouby","high","linkedin-public-search","Established profile identifies Affectiva founder history.","2026-09-01","founder-search","Rana el Kaliouby · official biography","https://ranaelkaliouby.com/about/"
"41","Joy Ajlouny","false","Fetchr · Bonfaire","https://www.linkedin.com/in/joy-ajlouny-7b39672a4","","verified","Joy Ajlouny","high","linkedin-public-search","Profile identity and Fetchr founder history agree.","2026-09-01","founder-search","Kerning Cultures · Joy Ajlouny profile","https://kerningcultures.com/joy-ajlouny-cofounder-fetchr/"
"42","Ambareen Musa","false","Souqalmal · Yabi","https://www.linkedin.com/in/ambareenmusa","","verified","Ambareen Musa","high","linkedin-public-search","Established profile includes Souqalmal founder history and current GCC leadership.","2026-09-01","founder-search","Mastercard · Ambareen Musa profile","https://www.mastercard.com/news/eemea/en/perspectives/en/2023/priceless-book/ambareen-musa/"
"43","Noor Sweid","false","Global Ventures · ZenYoga · Depa","https://www.linkedin.com/in/noor-sweid","71414","verified","Noor Sweid","high","unified-people-exact-match","Exact normalized name with one LinkedIn personal profile in the unified people dataset.","2026-09-01","founder-search","Global Private Capital Association · Noor Sweid","https://www.globalprivatecapital.org/team_member/noor-sweid/"
"44","Nuseir Yassin","false","Nas Company · Nas Daily","https://www.linkedin.com/in/nyassin","","verified","Nuseir Yassin","high","linkedin-public-search","LinkedIn author profile and posts identify Nas Daily and Nas Company, with more than 200,000 followers.","2026-09-01","founder-search","Nas Company · leadership","https://www.nas.co/work-with-us"
"45","Ahmed Wadi","false","MoneyFellows","https://www.linkedin.com/in/ahmadwadi","22232","verified","Ahmed Wadi","high","unified-people-exact-match","Exact normalized name with one LinkedIn personal profile in the unified people dataset.","2026-09-01","founder-search","MoneyFellows · 2025 funding update","https://www.moneyfellows.com/en-us/3elmelgeib-home/money-fellows-expands-to-morocco-with-13m-funding/"
"46","Ahmad Hammouda","false","Thndr","https://www.linkedin.com/in/ahmad-hammouda-a6575018","","verified","Ahmad Hammouda","high","linkedin-public-search","Profile identifies the Thndr founder and CEO.","2026-09-01","founder-search","JIMCO · Thndr portfolio","https://jimco.com/en/portfolio/thndr/"
"47","Seif Amr","false","Thndr","https://www.linkedin.com/in/seif486","","verified","Seif Amr","high","linkedin-public-search","Profile identity and Thndr co-founder evidence agree.","2026-09-01","founder-search","Thndr · about us","https://thndr.app/blogpost/about-us/"
"48","Mostafa Beltagy","false","Nawy","https://www.linkedin.com/in/mostafa-el-beltagy-240b8342","13413","verified","Mostafa El-Beltagy","high","unified-people-alias-match","Normalized name variant and Nawy company evidence agree in the unified people dataset.","2026-09-01","founder-search","Nawy · about us","https://www.nawy.com/about-us"
"49","Ghassab Al-Mandil","false","Jahez","","","unresolved","","","linkedin-public-search","Jahez posts confirm spelling variants including Almandeel and Al Mandeel, but no personal profile URL could be verified.","2026-09-01","founder-search","Jahez Group · listing journey","https://jahezgroup.com/listing-journey/"
"50","Ahmad Al-Zaini","false","Foodics","https://www.linkedin.com/in/alzaini","42211","verified","Ahmad Al-Zaini","high","unified-people-exact-match","Exact normalized name with one LinkedIn personal profile in the unified people dataset.","2026-09-01","founder-search","PIF · Foodics Series C","https://www.pif.gov.sa/en/news-and-insights/newswire/2022/pifs-sanabil-investments-co-leads-170m-funding-of-foodics/"
"51","Nawaf Hariri","false","Salla","https://www.linkedin.com/in/nawaf-hareeri-47b42a152","2707","verified","Nawaf Hareeri","high","unified-people-alias-match","Transliteration variant and Salla company evidence agree in the unified people dataset.","2026-09-01","founder-search","Salla · official company information","https://salla.com/en/tools/ai-info"
"52","Salman Butt","false","Salla","https://www.linkedin.com/in/salmanxg","18913","verified","Salman Butt","medium","linkedin-public-search","Profile history and activity identify Salla co-founder experience; the current headline names another company.","2026-09-01","founder-search","Salla · official company information","https://salla.com/en/tools/ai-info"
"53","Mohammed Aldossary","false","Sary","https://www.linkedin.com/in/mdossary","18960","verified","Mohammed Aldossary","high","linkedin-public-search","Established profile identifies Sary founder and CEO history.","2026-09-01","founder-search","RAED Ventures · Sary portfolio","https://raed.vc/portfolio/sary/"
"54","Abdulaziz Al Loughani","false","Floward","https://www.linkedin.com/in/aballoughani","7598","verified","Abdulaziz Al Loughani","high","unified-people-exact-match","Exact normalized name with one LinkedIn personal profile in the unified people dataset.","2026-09-01","founder-search","Floward · leadership and story","https://careers.floward.com/"
"55","Hamad Mubarak Al Hajri","false","Snoonu","https://www.linkedin.com/in/hamadmubarkalhajri","135675","verified","Hamad Mubarak Al Hajri","high","unified-people-exact-match","Exact normalized name with one LinkedIn personal profile in the unified people dataset.","2026-09-01","founder-search","Qatar Business Continuity Conference · founder bio","https://bcrc.qa/25/BCRC%2025%20Conference%20brochure_E.pdf"
"56","Abdulla Almoayed","false","Tarabut","https://www.linkedin.com/in/aalmoayed","29040","verified","Abdulla Almoayed","high","unified-people-exact-match","Exact normalized name with one LinkedIn personal profile in the unified people dataset.","2026-09-01","founder-search","BBK · Tarabut partnership","https://www.bbkonline.com/bbk-signs-mou-with-tarabut-to-enhance-open-banking-collaboration/"
"57","Abdullah Al-Mutawa","false","Carriage","https://www.linkedin.com/in/abdullah-al-mutawa-b7150098","","verified","Abdullah Al Mutawa","high","linkedin-public-search","Profile posts explicitly identify the founding of CARI and its expansion; unrelated namesakes were rejected.","2026-09-01","founder-search","Delivery Hero · Carriage acquisition","https://www.deliveryhero.com/newsroom/delivery-hero-announces-acquisition-of-middle-eastern-delivery-service-carriage/"
"58","Ralph Debbas","false","W Motors","https://www.linkedin.com/in/ralphrdebbas","","verified","Ralph Debbas","high","linkedin-public-search","Profile identifies the W Motors founder and CEO.","2026-09-01","founder-search","W Motors · about","https://www.wmotors.ae/"
"59","Khalid Alkhudair","false","Glowork","https://www.linkedin.com/in/alkhudair","44437","verified","Khalid Alkhudair","high","linkedin-public-search","Established profile includes Glowork founder history and current operating roles.","2026-09-01","founder-search","Khalid Alkhudair · official profile","https://khalidalkhudair.com/en/node/6"
"60","Sara Sabry","false","Deep Space Initiative · PULSE","https://www.linkedin.com/in/sara-sabry","","verified","Sara Sabry","high","linkedin-public-search","Established profile identity and Deep Space Initiative and astronaut evidence agree.","2026-09-01","founder-search","Deep Space Initiative · about","https://www.deepspaceinitiative.org/about"
"61","Jeremy Crane","false","Yellow Door Energy","https://www.linkedin.com/in/jeremycrane","","verified","Jeremy Crane","high","linkedin-public-search","Profile identifies Yellow Door Energy founder and CEO history.","2026-09-01","founder-search","World Utilities Congress · founder profile","https://www.worldutilitiescongress.com/speaker-collection/2026-strategic-speakers/jeremy-crane/"
