id,label,code,title,categories,createdAt,updatedAt,logo,hidden,highlights,shortAbout,address,locationLng,locationLat,invitationCode,isActive,emails,phones,domain
108ec580-af18-4020-9961-bfa270e28a1a,TDS,tds,Your Digital Transformation Partner,"[""Business Services"",""Development""]",2025-03-14 13:25:25.748,2025-12-06 08:00:57.806,/providers/tds/logo.png,false,"[""At TDS, we firmly believe in the pivotal role of digital transformation for ensuring business sustainability. That's why we provide an extensive array of tools and solutions aimed at assisting businesses of all sizes in effortlessly managing and maintaining their operations."",""We've forged robust alliances with some of the industry's most innovative and forward-thinking firms. By blending our expertise with cutting-edge technology and best practices, we deliver unmatched software services tailored to our clients' specific requirements. Partnering up with Microsoftand Odoo, we've co-created a novel cloud-based software solution, resulting in reduced IT expenses and enhanced efficiency for our clients. Collaborating with prominent integrators like Connect-PS and Sigma-IT in Saudi Arabia and the Gulf, we've developed solutions that have proven invaluable to our regional clients."",""Furthermore, in partnership with esteemed consulting firms such as Quota International and MADA, we've crafted new business strategies and sales transformation solutions, driving the expansion of our business. Additionally, enables us to offer distinctive e-commerce solutions to our clientele.""]","We are a leading software and services corporation with a global network , offering unparalleled software services that cater to clients worldwide. Our team of talented software professionals has a proven track record of success in a wide range of industries.","​Park Street, 2nd Floor, office No. 2203, Sheikh Zayed, Giza, Egypt",31.0110349440311,30.0257667465913,,false,[],"[""1-888-225-5837"",""1-855-220-2592"",""800-605-1962""]",tds.net
1255b627-7fe6-46d1-85dd-c34655132e0b,HESHAM SAAD FOR INFORMATION TECHNOLOGY LLC,hesham-saad,Wordpress & Woocommerce Development,"[""Development""]",2025-03-14 13:25:25.748,2025-12-06 08:00:51.095,/providers/hesham-saad/logo.png,false,"[""Keeping your website secure and running well with regular updates and backups is very important. So just focus on running your business and leave the regular website maintenance and upkeep to me and my team."",""Detailed report: A report containing everything you want to know about your site will be sent to you periodically during the subscription period."",""Backup: Backups up to four times per day to our own servers on Amazon."",""Technical support: Technical support 24/7 for any problem you may encounter at any time."",""Security check: The site is regularly checked for security and the statement is added to the site's periodic report."",""Site Updates: Secure updates for WordPress, themes and plugins installed on your website."",""Site performance monitoring: Ensuring that the site is working properly around the clock is added to the periodic report.""]","My name is Hesham Saad, a WordPress website design specialist with over 10 years of experience. I have implemented many websites in the previous years and gained great trust from my clients. I am happy to be one of them.","696, EL-HORIA ROAD, FLOOR 8, FLAT 806 LOURAN ALEXANDRIA, EGYPT",29.9743155793878,31.2458679917993,,false,[],[],heshamsaad.com
14cc5109-007f-4e4c-8dae-b872ae95a80c,ZAD Solutions,zad-solutions,Digital Transformation & Business Intelligence,"[""Development"",""Business Services""]",2025-03-14 13:25:25.748,2025-12-06 08:01:04.206,/providers/zad-solutions/logo.png,false,"[""We are a team of business applications consultants and software development experts. "",""We work together to provide both the technical and business aspects to cover the whole spectrum of business applications.\nBack in 2003 ZAD Solutions was established to be the first Open-source only company in Egypt."",""We enable organizations to achieve commercial and operational excellence\nthrough consulting and application of open-source technologies .""]",ZAD Solutions enables organizations to achieve commercial and operational excellence through consulting and application of open-source technologies.,63 Syria St. - Mohandessin - Giza,31.1936362910319,30.0526436540692,,false,"[""info@zadsolutions.com""]","[""20233021123"",""+201066654630"",""+97466104136""]",zadsolutions.com
205112bb-6159-4fcb-b8a4-2b13b35c9b44,LongRange Ltd,long-range-ltd,Experienced Global IT,"[""Development"",""Business Services""]",2025-03-14 13:25:25.748,2025-12-06 08:01:03.12,/providers/long-range-ltd/logo.webp,false,"[""We strongly believe in our philosophy of knowing more everyday & developing our Know-How to serve our partners through top notch technologies and in more advanced ways, the direction we take is to team with world market leaders in the areas we cover.\n\n"",""Through continuous communication with our partners and providers, we provide the best understanding, knowledge and capabilities to optimally serve the needs and properly face the challenges of modern IT systems.\n\n"",""Our Experience and Projects cover Businesses from small to large Enterprises, in different vertical markets. Banking and Financial sector, Oil & Gas, Construction and Real Estate, Governmental and Non-Governmental Organizations, Educational, Industrial Organizations, Trading, Shipping and much more.\n\n"",""Our Global partners in success, include but not limited to, Bloomberg, Credit Agricole Bank, HSBC Bank, ENI , Regus Offices , Orange Telco,  Gemini Holding,  WHO, Ford Foundation, Fulbright Commission and many more entities across our Mediterranean Region .\n\n"",""With our EU Presence and Middle Eastern Background, we have a great mix of cultures and exposure that allows us to provide different solutions with fresh approaches   \n\n""]","LongRange is a company focused on IT know-how, our team of experts have been working in the Mediterranean region IT market with all its changes and challenges since 1995.","IRIS House, John Kennedy St. 3106 Limassol, Cyprus",33.0604351221676,34.6899364396831,,false,"[""info@longrangeltd.com""]","[""357 97 676879"",""+357 99 088185"",""+357 97 740417""]",longrangeltd.com
23a6a679-44dc-47cf-a017-bc55e7f75710,Flojics Technology,flojics-technology,ERP Consultations | Web & App Development | Digital Marketing  | Stuff Augmentation,"[""Development""]",2025-03-14 13:25:25.748,2025-12-06 08:01:12.413,/providers/flojics-technology/logo.png,false,"[""Flojics is a global software development company in the United Arab Emirates, Specializing in custom software development, website design, mobile application development, and digital marketing."",""We focus on staying up-to-date on the latest development and marketing trends and technologies to future your solutions, creating a consistently and continually profitable digital presence for your business, and keeping it competitive and relevant.""]","Flojics is a global software development company ,specializing in custom software development, website design, mobile application development, and digital marketing. A highly experienced team of professionals focused on delivering real, measurable results for our trusted clients across numerous industries around the world.","Dubai Digital Park, A1-001, DSO, Dubai, UAE",55.386178518325,25.1287243332,,false,"[""info@flojics.com""]","[""-585""]",flojics.com
293ce228-3c01-4f05-8a23-9d29bc5974a2,Badgewell,badgewell,Mobile App and Web Development,"[""Development"",""Design""]",2025-03-14 13:25:25.748,2025-12-06 08:01:12.039,/providers/badgewell/logo.png,false,"[""Since 2018, Badgewell has been delivering the highest quality enterprise software products. Badgewell services include staff augmentation, data analytics, web and mobile development, solution design and prototyping.""]","Software experts you can trust, your one-stop shop for all your software needs, we have a team of experienced and talented designers and software developers who can help you with any project, no matter how big or small.","172 Sameh Gado, 6th of October City, Egypt",30.975895942796,30.0005682184881,,false,"[""contact@badgewell.com"",""sales@badgewell.com"",""support@badgewell.com""]","[""1 (213) 915-4728""]",badgewell.com
2ba077fa-b904-4515-a1d3-0d56f5c24ccb,NourCode,nourcode,Nourcode for web design and develop,"[""Development"",""Design""]",2025-03-14 13:25:25.748,2025-12-06 08:00:51.712,/providers/nourcode/logo.png,false,"[""We always believe that we are able to change cultures, so that the world becomes a better place, by implementing high quality products that affect society through the values they carry."",""Our goal is to build strong and reliable relationships between us and our customers first."",""Digital products are used by humans constantly and that is why we don't just care about their appearance."",""We know very well that to ensure success we must deal with all the different means of technology."",""We are tracking everything new to make sure that you and your site users also have a really good user experience.""]","A company that strives to keep up with everything new in the field of technology to meet all customer needs. Our service is Website development, especially Ecommerce and personal website. Main technologies we use are Magento, Wordpress, PHP, Javascript and other website technologies.","Abtal al-Falouja, Mit Ghamr, Mansourah City, AlDaqahliyah, EGYPT",31.257387,30.717325,,false,[],[],nourcode.com
2c64d6cf-2a98-4973-9c50-57d32d30b218,RunProf LLC,runprof-llc,Web & Mobile App Development,"[""Development"",""Design""]",2025-03-14 13:25:25.748,2025-12-06 08:01:16.222,/providers/runprof-llc/logo.png,false,"[""Runprof Is a software development and marketing firm that creates and designs high- quality custom apps, websites, and games for our clients, as well as implementing and managing marketing strategies, we transform many businesses with strong and adaptable digital solutions that satisfy the needs of today and unlock the opportunities of tomorrow."",""Runprof Headquartered in Alexandria, Egypt since 2019, we depend on software and digital solutions leaded by our specialists who are eager, experienced, and competitive to fulfill our customer’s need of today and tomorrow.""]","Software consulting and development for your digital success. Since 2019, We transform businesses with powerful and adaptable digital solutions that satisfy the needs of today and unlock the opportunities of tomorrow.","378 Abou Quer, Mustafa Kamel WA Bolkli Sidi Gaber, Alexandria Governorate, Egypt",29.9457493572005,31.2233148643742,,false,"[""info@runprof.com"",""sales@runprof.com""]","[""201550335306"",""+2035217285"",""+2035216111""]",runprof.com
2d094919-91a0-463e-a652-25fafd33c448,Reflections,reflections,Digital Agency and Software House,"[""Development"",""Marketing"",""Business Services""]",2025-03-14 13:25:25.748,2025-12-06 08:01:07.088,/providers/reflections/logo.png,false,"[""Reflections is a digital marketing and web\ndevelopment agency that was founded in 2011 with\na vision in mind; to make the world more\naccessible through igniting a ripple of change as\nto how the digital world is perceived. Our mission\nis to create artistic, innovative, and culturally\nrelevant digital solutions to ensure a full\nengagement and participation in the digital\nmarketing world, all while delivering World Class\nservices, measurable results & creating a unique\nclient experience that is based on fulfillment and\nsatisfaction. As well as maintaining our\ncommunity, environment and the wellbeing of our\ndream team."",""Our Mission:\nDelivering World Class services, measurable results, tailored solutions, & high client satisfaction, While maintaining our community, environment and the wellbeing of our employees."",""Our Vision:\nTo create valuable developments, strategies and optimized solutions that will inspire the world and meet the pace of Tomorrow!""]","Reflections­ is­ an­ award-winning­ creative­ hub­ that­ offers­ a­ comprehensive­ and­ innovative­ suite­ of­ services­ designed­ to­ ensure­ efficiency,­ integrity­ and­ excellence­ all­ across­ the­ digital­ realm.­ With­ community­ culture­ and­ standards­ at­ heart,­ we­ strive­ to­ change­ the­ digital­ marketing­ industry­ and­ bring­ brands­ closer­ to­ consumers.­ Through­ community­ marketing­ and­ digital­ communications­ we­ will­ help­ you­ dominate­ the­ market­ and­ go­ over­ the­ charts.­","67A Misr Helwan Agriculture Rd, Maadi, Cairo, Egypt.",31.2497993513146,29.9621642292388,,false,"[""info@reflectionsinfos.com"",""Careers@reflectionsinfos.com"",""legal@reflectionsinfos.com""]","[""91 4712700138"",""+973 33 535 004"",""+973 13 101 003""]",reflectionsglobal.com
30ce09c6-eafc-43a7-8c8c-f0e9ca0381d1,Enozom Software,enozom-software,Web & Mobile App Software Development,"[""Development""]",2025-03-14 13:25:25.748,2025-12-06 08:01:15.874,/providers/enozom-software/logo.png,false,"[""Take advantage of our 10+ years of experience in building and successfully launching web and mobile software solutions delivered 100+ projects."",""Working with many international customers like:"",""Harris Computers (USA)"",""Life Connect (France)"",""Pass Me Fast (UK)"",""Couryah (Canada)"",""Add Energy (UK)"",""Saudi Arabia Government""]","We provide our customers with the full spectrum of software services focusing on Web Development, Web Design, Mobile App Development, and Software Testing. ","2 Rasmi Basha Street, Gleem 21532, Alexandria,Egypt",29.9593704074109,31.2401565843974,,false,[],[],enozom.com
32dd45c1-4904-40b5-9c5b-0e24a45b977a,Knowledge BI,knowledge-bi,software development company and odoo gold partner,"[""Business Services"",""Development""]",2025-03-14 13:25:25.748,2025-12-06 08:00:57.389,/providers/knowledge-bi/logo.png,false,"[""Software development company specialized in computing-based solutions."",""Knowledge BI delivers and deploys software solutions that bring tangible investment to its clients by providing its customers and users with immersive interactive experiences."",""Our objective is to help you increase your efficiency, productivity, and profitability by giving you access to the most innovative IT products and IT services on the market at a realistic price point."",""Knowledge BI is an odoo gold partner as leading ERP accounting software solutions consultants, we pride ourselves on being a source of information to businesses looking to make the right decisions when choosing a software solutions. We offer system selection consulting services, business process reviews, as well as ongoing webinars and guides offering tips for choosing the right  ERP accounting software."",""the best software development company Knowledge BI group is committed to helping its clients reach their goals, to providing an innovative environment, and to make a difference. Our strong sense of identification with client projects means that we are constantly striving to provide software solutions, even for issues they aren’t yet aware of. To this end, we adopt a progressive approach to technology and marketing techniques. Our long experience in local accounts and laws means we have experience spanning a number of sectors, as well as knowledge of specific protocol and local regulations. But we know that things change, and we are constantly striving to adapt and improve our Software development company.""]","Software development company specialized in computing-based solutions. Knowledge BI delivers and deploys solutions that bring tangible investment to its clients by providing its customers and users with immersive interactive experiences. Our objective is to help you increase your efficiency, productivity, and profitability by giving you access to the most innovative IT products and services on the market at a realistic price point.","18-B Obour Building,Salah Salem St,Heliopolis, P.O. 11811 Cairo, Egypt",31.3150331681164,30.0801093916012,,false,"[""info@knowledgebi.net""]","[""2 010 50 60 24 75"",""01050602476"",""0222609696""]",knowledgebi.net
3efc68f7-a978-4bcf-bbb3-575d8c1e64ff,IT SYS Corporation,it-sys,Your ERP Systems Starts Here!,"[""Development"",""Business Services""]",2025-03-14 13:25:25.748,2025-12-06 08:01:03.864,/providers/it-sys/logo.png,false,"[""ITSYS Corporation.® is a leading software offshore outsourcing company, providing reliable software development services and application support to enterprises worldwide."",""ITSYS corporation offers systems and technology expertise with business background devoted to serve clients in cost-effective manner We serve multiple industries and markets around the world through a wide range of services and expertise."",""More than 12 years of experience in the field of helping clients to overcome their challenges in ERP systems implementation and designing personalized solutions\n\n"",""Updated with the latest features, best practices, & implementation, ensuring that you deliver high-quality services to our clients.\n\n"",""Committed to continuous improvement. Embrace change, encourage innovation, and refine processes, systems, and practices to stay ahead of the competition!\n\n""]","ITSYS Corporation.® is a leading software offshore outsourcing company, providing reliable software development services and application support to enterprises worldwide. 


","block 17/15, 6th of October, Giza, Cairo, Egypt ",30.971697494479,29.9849043700897,,false,"[""info@itsyscorp.com"",""ayman.rawy@itsyscorp.com""]","[""(321) 233-1422"",""+201023330467""]",itsyscorp.com
40b16df7-0b45-40cd-941c-732bffd4eb7f,IBS-TAC,ibs-tac,Integrated Business Solutions,"[""Business Services"",""Development""]",2025-03-14 13:25:25.748,2025-12-06 08:00:55.308,/providers/ibs-tac/logo.png,false,"[""IBS corporation was expand due to the clients trust for meeting their needs professionally so that its solutions achieve strong administrative and organizational  work for the organization .its also gives businessmen confidence in their effective success in and to make use of new opportunity."",""Our team is ready to help you with:"",""* Analyzing your business needs and recommending the most suitable solution"",""* Designing your business processes and flows in Odoo"",""* Advice you in any finance issues"",""* Development of custom modules"",""* Migrating the master and transactional data into your system"",""* Functional and technical support""]",IBS corporation was expand due to the clients trust for meeting their needs professionally so that its solutions achieve strong administrative and organizational  work for the organization .its also gives businessmen confidence in their effective success in and to make use of new opportunity.,"3 Makram Ebaid Street, Nasr City, Cairo",31.346556,30.05523,,false,"[""info@ibstac.vn"",""contact@ibstac.vn""]","[""84 242 243 1846"",""+84 36 884 6966""]",ibstac.vn
4391dda3-9699-4e6a-80f0-7fb301346c98,Crete Agency,crete-agency,Full-Service Digital Solutions and Software Development Company,"[""Development"",""Business Services"",""Marketing""]",2025-03-14 13:25:25.748,2025-12-06 08:01:07.933,/providers/crete-agency/logo.png,false,"[""Crete is a leading digital solution and software agency located in Egypt and Saudi Arabia. Explore our profile\n\n"",""We are a top offshore destination for outsourcing your design, branding, web, mobile development and digital marketing needs. Offering cost-effective solutions tailored to medium and large-sized businesses, we help you achieve high-quality results without exceeding your budget.\n\n"",""We offer comprehensive digital solution packages as well as standalone services, including branding, software and digital marketing services.\n\n"",""Our relentless pursuit of knowledge fuels continuous improvement in our core capabilities, processes, craftsmanship, and execution. As our client, you gain the full advantage of this unwavering commitment to excellence.\n\n"",""Exceptional work is achieved only through the balanced application of all three elements. No amount of one can compensate for a lack of commitment to the others.\n\n""]","CRETE is a Cairo based digital solutions agency with Saudi branch in Riyadh with a team of over 42 highly skilled designers and developers. We are your one-stop solution for all your digital needs, offering a comprehensive suite of services that include Business Consultancy, UI/UX Design, Software Development, Mobile App Development, Branding & Positioning, and E-commerce Solutions. Our mantra is simple: ""Quality is Our Beauty,"" and we live by it, delivering top-notch, tailor-made solutions that help you gain a competitive edge in the market.","37 Dr Mahmoud Hoballah, St El Serag, Mall, Nasr City, Cairo,Egypt",31.3451146404952,30.0485927605101,,false,"[""sales@creteagency.com"",""info@creteagency.com""]","[""20 10 91178085"",""+201155099037""]",creteagency.com
4903804f-d212-437a-8d9c-69bb8ffef361,NAT,nat,NextGen Digital Transformation Experts,"[""Business Services"",""Development""]",2025-03-14 13:25:25.748,2025-12-06 08:00:56.294,/providers/nat/logo.png,false,"[""We will provide for you the solutions to grow your business and better run your operations. Our wide spectrum of services will surely cover all your technology needs. Our expertise diversify in many industries and for many years we have succeeded to a part of big success stories and we are lucky to have best team and best partners. Let's get to know each other more – Let's schedule a meeting or chat with us now."",""Our team is prepared to support you throughout your entire Digital Transformation journey, regardless of your industry, by selecting the most suitable solutions and technologies for your needs."",""Optimize your operations with our efficient business process automation solutions. We streamline workflows, reduce costs, and boost productivity."",""Count on our long-term commitment to your success. Our support team is dedicated to providing ongoing assistance, ensuring you receive the support you need throughout our partnership.""]",We will provide for you the solutions to grow your business and better run your operations. Our wide spectrum of services will surely cover all your technology needs. Our expertise diversify in many industries and for many years we have succeeded to a part of big success stories and we are lucky to have best team and best partners. Let's get to know each other more – Let's schedule a meeting or chat with us now.,"2B Shorta Towers, Korneish El Nile, Maadi, Cairo, Egypt",31.2569772993488,29.9607203568316,,false,[],[],noobnotes.net
502a12c0-37c5-4002-8095-13f599bc0761,WPExperts,wpexperts,Full Stack WordPress Development Agency,"[""Development"",""Design""]",2025-03-14 13:25:25.748,2025-12-06 08:01:10.423,/providers/wpexperts/logo.png,false,"[""WPExperts (Subsidiary of Objects) is the world's leading full-stack WordPress development agency. We have been in business for over ten years and have worked with clients ranging from entrepreneurs to Fortune 500 corporations."",""WPExperts has been already recognised as WordPress VIP Silver agency partner & WooExpert partner. We’re experienced in WordPress VIP services such as WordPress VIP development, WordPress VIP code audit, WordPress enterprise security, WooCommerce enterprise solutions, website performance optimization, and website migration to WPVIP. Our primary services are API Integrations, Mobile App Development, Payment Gateways, and WooCommerce Services."",""With a better approach to development and a solution-focused strategy, we are committed to serving enterprise and large-scale WordPress clients.""]","WPExperts is a top choice for WordPress Theme and plugin development, WordPress SaaS, and PaaS product development, maintenance, and management. Hire highly skilled developers to build your own team with us.","1 Moustafa Kamel street, Floor 7, Roushdy, Alexandria, Egypt.",29.9512359877586,31.2311778801596,,false,[],[],wpexperts.io
50b1117f-00ca-4b51-a863-3974bfabd55f,Identity Solutions,identity-solutions,Mobile Apps & Web Apps Development,"[""Development""]",2025-03-14 13:25:25.748,2025-12-06 08:01:08.863,/providers/identity-solutions/logo.png,false,"[""We are a Software agency specialized in the development of mobile (iOS / Android) applications as well as Web applications.""]",We are a Software agency specialized in the development of mobile (iOS / Android) applications as well as Web applications.,"7 Mahmoud Farghaly, San Stifanno, Alexandria, Egypt",29.9676058961564,31.24317053199,,false,"[""info@identity-solutions.org""]",[],identity-solutions.org
5fb8f3f6-ff01-4035-b535-2a908f26ee04,Objects,objects,Mobile App and Web Development and Design Company,"[""Development"",""Design""]",2025-03-14 13:25:25.748,2025-12-06 08:01:11.697,/providers/objects/logo.png,false,"[""Objects is a full-service software development company that has quickly become one of the fast-growing companies. Our organization has garnered over 10 years of experience in web and mobile app development services. With over 2000+ praiseworthy projects and 500+ clients across the globe, we are proud to have a customer satisfaction rate of over 95%."",""Our critical thinking and analytical skills allow us to explore the client's requirements and identify the risks and opportunities that address both short-term challenges as well as long-term value creation."",""Why choose Objects as your strategic partner?"",""Our client-focused research team applies various research methods such as online and onsite discussions, building roadmaps, professional surveys, and report creation to get a complete understanding."",""With zero percent doubt in product building, we assure the quality of the product by testing it on different platforms with different methodologies before delivering it completely.""]",Objects.ws is a modernized e-Business Solutions provider specializing in web development & deployment. We are your one-stop solution provider for development and e-business modernization needs with team of professionals and certified experts.,"1 Moustafa Kamel street., In front of Deeb Mall, Floor 7, Roushdy, Alexandria, Egypt",29.9518869644919,31.2290574059028,,false,[],[],objectsmag.it
6914344a-ce3a-4415-b654-132a93efc96f,OIT-Solutions,oit-solutions,ERP Systems For Your Business,"[""Business Services"",""Development""]",2025-03-14 13:25:25.748,2025-12-06 08:00:57.034,/providers/oit-solutions/logo.png,false,"[""we are at the forefront of providing innovative Odoo ERP solutions in Egypt and beyond. As a leading provider, we specialize in delivering cutting-edge Odoo ERP systems, leveraging the powerful technologies of Odoo to optimize business and IT operations."",""Located in Egypt, OIT Solutions is committed to helping organizations streamline and digitize their business operations. With a focus on delivering high-quality and cost-effective ERP solutions, we empower businesses to standardize their processes and achieve operational excellence."",""Our team is the backbone of our success. Not only have we built a talented group of professionals, but also they bring a wealth of expertise and experience to every project. Moreover, our dedicated staff is committed to delivering exceptional service, ensuring that our clients receive personalized support while offering tailored solutions to meet their unique business needs."",""OIT Solutions was founded with a vision to empower businesses through technology, with a focus on Odoo ERP solutions. Over the years, we have not only evolved and grown, but also adapted to the ever-changing demands of the industry. Furthermore, our history is marked by a relentless pursuit of excellence, a passion for innovation, as well as a dedication to helping our clients achieve their goals."",""We measure our success by the economic outcomes we deliver for our clients. Through efficient and cost-effective solutions, OIT Solutions has not only helped numerous businesses optimize their operations but also reduce costs and increase profitability. Moreover, our focus on delivering tangible results has earned us a reputation as a leader in the software solutions industry."",""Our dedicated team of certified Odoo consultants and skilled engineers enables us not only to create comprehensive Odoo ERP Solutions systems tailored to each client’s unique needs but also to ensure effective implementation. With a wealth of successful ERP implementations across various industries and market segments in Egypt and Saudi Arabia, we consistently bring experience and expertise to every project."",""Our goal is to create a comprehensive Odoo ERP program that serves all industries and activities. To achieve this, our team of certified Odoo consultants and skilled engineers work closely with clients to meet their unique requirements. We offer secure and efficient solutions, ensuring projects are completed professionally and swiftly. We continuously follow up with clients to help them achieve their desired results. Our mission focuses on delivering the ideal solution tailored to each client’s needs."",""OIT Solutions has a clear and ambitious goal: to become the top leader in the Odoo ERP Solutions industry. To achieve this, we offer highly effective and integrated solutions to customers across all fields and activities. Furthermore, we aim to expand our geographical reach in the Middle East, which will further strengthen our position among competitors.""]","At OIT Solutions, our goal is to create a comprehensive ERP system that caters to all industries and activities. To achieve this, we have a team of certified Odoo consultants and skilled engineers who help us meet our customers’ requirements. We offer a secure and efficient ERP system to carry out their work and projects professionally and quickly. We ensure continuous follow-up to help our clients achieve their desired results. Our focus is on implementing our mission to provide the ideal ERP system solution to our clients.","21 Nagati Serag, Al Manteqah Ath Thamenah, Nasr City, Egypt",31.3507047771996,30.0520898441655,,false,"[""info@oitsolutions.co.uk""]","[""44 7458 695706""]",oitsolutions.co.uk
6cf7ff6c-b3e6-4262-8a62-aba7a89bbd78,PS Solutions,ps-solutions,Digitlizing and Empowering Business,"[""Development"",""Business Services""]",2025-03-14 13:25:25.748,2025-12-06 08:01:13.253,/providers/ps-solutions/logo.png,false,"[""We at PS Solutions aim to empower entrepreneurs and business owners and assist them to bring their dreams to reality. We are focused on adding value to our client's project."",""We're eager to explore new tech and tools to fulfill the required needs keeping our clients best interest in mind."",""At PS Solutions we work to make your dreams work.""]",Your go-to source for top-quality software solutions. Our team of expert developers and consultants are dedicated to delivering cutting-edge solutions that drive business success.,"10th Al Ghayth st. Agouza, Cairo, Egypt",31.2143222190969,30.0579416995574,,false,[],"[""59169077088""]",proseg-solutions.com
6ef5b5ea-47ec-4c32-865f-94d3ec5e240a,SONAMAK,sonamak,Premium Healthcare Management Software,"[""Development"",""Design""]",2025-03-14 13:25:25.748,2025-12-06 08:01:18.694,/providers/sonamak/logo.png,false,"[""At Sonamak, we embarked on our journey as a dynamic Software House in the vibrant city of Alexandria, Egypt. Since January 15, 2019, our passion has been to craft innovative solutions that empower businesses and individuals alike."",""Our portfolio boasts a diverse range of applications, each meticulously designed and developed to meet the unique needs of our valued customers. Among our proudest achievements stands the Healthcare Management Software, a testament to our unwavering commitment to excellence."",""At Sonamak, we firmly believe that customer operations should be efficient and streamlined to keep pace with ever-increasing customer demands. To achieve this, we have developed a CRM software that is user-friendly, easy to install and configure, and requires minimal customization.""]","Web based software, No physical installation costs Comprehensive, all what you need in one software. User Friendly, Easy to use by any level of your employees. Specialized, built Specifically to meet Healthcare providers needs.","Building Number 3 - Doctor Rashwan Hassan St, ElSarya, Alexandria, Egypt",29.9793067375197,31.2560507351136,,false,"[""clinicapp@sonamak.com""]","[""201118542190""]",sonamak.com
70cbbec6-0ddb-43b4-aeec-7d3195356307,Hyper Media Labs,hyper-media-labs,Software Development Agency,"[""Development"",""Marketing""]",2025-03-14 13:25:25.748,2025-12-06 08:01:17.963,/providers/hyper-media-labs/logo.png,false,"[""We’re an agency of innovators, creators, and technologists with incredibly high standards, a holistic digital approach, and an eye on a consumer who’s always on the go."",""We create custom software solutions to make your business come to life in a meaningful way at your customer’s fingertips.""]","We’re an agency of innovators, creators, and technologists with incredibly high standards, a holistic digital approach, and an eye on a consumer who’s always on the go.","46 Asmaa Fahmy, Cairo, Egypt",31.3351316330078,30.0801714766797,,false,"[""hello@hypermedialabs.com""]","[""20 11 16225657""]",hypermedialabs.com
8568b131-ece1-4b7c-8d96-f77616f76afc,Orthoplex Solutions,orthoplex-solutions,Web & App Development Services,"[""Development"",""Design""]",2025-03-14 13:25:25.748,2025-12-06 08:01:09.236,/providers/orthoplex-solutions/logo.png,false,"[""Founded in 2015 by three siblings, we are more than developers; we are a family business. We specialize in developing high-performing websites and apps that handle large databases, high traffic, complex functionalities, and sensitive data."",""We specialize in the following tech: WordPress, Adalo, ReactJS, NextJS, ReactNative, NodeJS, MongoDB, SQL and AWS."",""We have successfully completed projects for companies of all sizes; from small businesses and solopreneurs to large government regulated entities."",""Although our headquarters is in Toronto, Canada, we work with companies from around the globe, including the USA, France, and the Middle East. Orthoplex has been featured in numerous publications, including Medium, Big News Network, Digital Journal, and more."",""Our web and app development company is completely focused on 3 key points: Performance, Data Security, Scalability"",""Our client-centric philosophy has fueled our nine-year journey of success, bringing us over 400 clients across diverse industries, including healthcare, automation, manufacturing, sports, real estate, and many others.""]","Web and app development solutions for businesses focused on performance, scalability, and data security.","80 Atlantic Avenue,Toronto, Canada",-79.421089321446,43.6389692716694,,false,[],"[""1 (647) 557-7638""]",orthoplexsolutions.com
85ed6d38-a431-48cb-ad3a-5c16f9cd67b6,Unlimited Software,unlimited-software,Unlimited Software House For Software Development,"[""Development""]",2025-03-14 13:25:25.748,2025-12-06 08:00:52.1,/providers/unlimited-software/logo.png,false,"[""Unlimited Software, established in 2019, is a pioneer in software development, serving medium to large companies in the Alkhaliji and Egyptian markets. We excel in providing innovative solutions, driven by expert teams and cutting-edge technology to meet client needs and business goals."",""We are not just developers; we are artists of the digital realm. We transform raw concepts into stunning digital experiences. From elegant UI designs to seamless user experiences, we meticulously craft every detail to perfection. With us, your ideas become more than just lines of code; they become works of art that inspire, engage, and delight the end users."",""Unlimited Software leads the way in software innovation, delivering seamless solutions with unparalleled reliability and user-friendly experiences. Our mission is to enable businesses to thrive in the digital age while maintaining speed and accuracy. Established in 2019, Unlimited Software pioneers software development, serving medium to large companies in the Alkhaliji and Egyptian markets. We excel in providing innovative solutions, driven by our expert teams who utilize cutting-edge technology to meet our clients' needs and business goals."",""Our logo reflects the company's commitment Unlimited software by providing unlimited services with exceptional quality that earns and maintains the permanent trust of our customers."",""Professionalism at Unlimited Software is not just a word, but a philosophy we adhere to in every aspect of our work. Our team of experts works tirelessly to ensure that we meet our clients' needs and exceed their expectations."",""At Unlimited Software, protecting privacy is a top priority. We are committed to protecting our customers' personal and business data with the highest level of security measures. Our team ensures that all information is treated with the utmost care and confidentiality."",""At Unlimited Software, teamwork is at the core of our success. Our collaborative environment fosters creativity, efficiency, and innovation. Each team member brings unique skills and perspectives, contributing to our collective goal of delivering exceptional software solutions. Together, we achieve more and ensure the highest level of satisfaction for our clients."",""We envision ourselves as the forefront provider of software services and intelligent solutions, leveraging the rapid evolution of the digital world to deliver optimal outcomes and drive transformative progress.""]","Unlimited Software House offers a wide range of pre-made templates and themes that cater to a variety of fields in both life and business. We focus on providing innovative and customized solutions for our clients, offering multiple options to meet the needs of medium and large enterprises, while ensuring the use of the latest technologies in software design and development.","77 Mostafa El Nhas St., Nasr City, Cairo, EGYPT",31.3489112731956,30.0546826776005,,false,"[""info@unlimited-software.com""]","[""(20) 1022897333""]",unlimited-software.com
8a92c21c-5c9d-48be-814d-65afb9e009fd,Archer Solutions,archer-solutions,Digital Transformation Services,"[""Business Services"",""Development""]",2025-03-14 13:25:25.748,2025-12-06 08:01:05.245,/providers/archer-solutions/logo.png,false,"[""Archer Solutions is a leading Odoo Gold Partner dedicated to delivering comprehensive digital transformation services. From Odoo ERP implementation to business process optimization, SOP development, and custom web applications, we offer end-to-end solutions that help businesses achieve operational excellence. Our primary focus is Odoo, where we have built a strong reputation through successful implementations for large enterprises and mega projects across various industries.\n\n"",""We believe in forming lasting partnerships with our clients by understanding their unique needs and providing tailored solutions that drive measurable outcomes. Whether you’re looking to streamline your processes, enhance digital capabilities, or unlock your full potential, Archer Solutions has the experience and expertise to make it happen. With tens of success stories, we are the trusted partner for your digital journey.\n\n"",""Unlock new growth opportunities with innovative solutions designed to transform your business. Our team works alongside you to drive efficiency, foster agility, and deliver lasting value through each digital transformation journey.\n\n"",""Our Vision:\nTo lead digital transformation by empowering businesses to excel and overcome challenges through innovative solutions. We strive to drive operational efficiency, build lasting partnerships, and unlock the full potential of our clients in the evolving digital landscape."",""Our Mission:\nTo empower businesses to thrive in the digital age with transformative solutions and unwavering client focus. As trusted partners, we drive digital transformation journeys by leveraging innovative strategies to maximize efficiency and unlock untapped potential. We ensure every implementation delivers measurable impacts, propelling our clients toward their full digital potential.""]","A leading Odoo Gold Partner, delivers comprehensive digital transformation services, specializing in Odoo ERP implementation, business process optimization, SOPs development, and custom web applications. With extensive experience across multiple industries, we are trusted partners for large enterprises and mega projects. Our tailored solutions drive operational efficiency and measurable outcomes, empowering businesses to unlock their full potential in the evolving digital landscape.","57 Zizinia Street, New Cairo, Cairo, Egypt.",31.491026536454,30.0024034541998,,false,"[""info@archersolutions.biz""]","[""(877) 632-6829"",""(202) 291-4404"",""(860) 230-1108""]",archersolutions.biz
8d0d535c-1286-4d27-a32f-7de486da4b71,Centione,centione,Build your business future easily,"[""Development"",""Business Services""]",2025-03-14 13:25:25.748,2025-12-06 08:01:04.559,/providers/centione/logo.png,false,"[""Centione is a software professional services organization headquartered in Egypt, the company offer ERP and CRM  Implementation and Consultations  , E-Commerce Solutions , Business intelligence, Enterprise Application integration, application development outsourcing, Resource  augmentation and staffing services to spherical companies .\n"",""Vision:\nTo be a leading Modern ERP Solution Provider that creates a Regional footprint in business industry by connected people and technology together to deliver amazing user experiences and to support our customer business need by providing the best software solutions that satisfied our customer expectation\n\nElit ullamcorper dignissim cras tincidunt lobortis feugiat. Euismod quis viverra nibh cras pulvinar. In massa tempor nec feugiat nisl pretium."",""Mission:\nSupported by our dedicated and knowledgeable teams, we will enable business and individuals to manage their objectives using inventive sets of professional solutions and services, thus becoming a regionally and globally recognized and unique market player.""]","Centione is a software professional services organization headquartered in Egypt, the company offer ERP and CRM  Implementation and Consultations  , E-Commerce Solutions , Business intelligence, Enterprise Application integration, application development outsourcing, Resource  augmentation and staffing services to spherical companies .



","Cairo, NasrCity, 22 Fareek Awal Ali Amer St.",31.3428368443591,30.0620448482205,,false,"[""info@centione.com"",""ksa@centione.com"",""m.algazar@centione.com""]","[""2 01112281724"",""+966 57 742 3793"",""+2022273145""]",centione.net
9f0559e7-c088-4941-ab98-3b7c3e914116,Digital Business Systems,digital-business-systems,SAP Gold Partner,"[""Business Services"",""Development""]",2025-03-14 13:25:25.748,2025-12-06 08:00:59.307,/providers/digital-business-systems/logo.png,false,"[""DBS helps clients in choosing the right technology products and services to best meet their unique needs."",""Our specialists offer expertise in designing customized solutions tailored to each project, while its advanced technological engineers assist customers with the implementation and long-term management of such solutions."",""Our offerings range from discrete hardware and software products to complex technology solutions such as security systems, communication and networking. In simple terms, DBS focuses on providing solutions to some of the biggest challenges facing businesses and local communities across the nation."",""OUR VISSION: To build a business of tomorrow, converging ideas into groundbreaking practical solutions and acting as a beacon for visionaries on their pathway to innovation."",""OUR MISSION: Envisions being a pioneer strategic forum transforming innovative ideas into tangible existence, thereby leading our nation in becoming universally recognized for its contribution to technology."",""We provide outstanding products and unsurpassed service that , together , deliver premium value to our customers."",""Create vision, inspire others and advance the priorities and mission of organization."",""means being fast and flexible , dynamic and adaptive , in delivering pragmatic and value-based solutions succeed in our business."",""we work together , across boundaries , to meet the need of our customers and to help the company win.""]","DBS is a leading provider of technologies and security solutions for businesses, governments, commercial, industrial, educational and public sectors.","340 S 90th st. , 5th Settlement, New Cairo, Cairo, Egypt",31.483249292148,30.0260934544952,,false,"[""info@dbsmena.com""]","[""966-138596518"",""+20-1111888785"",""+966-920000838""]",dbsmena.com
a097df24-5115-4cc7-b7c7-bdef49b52a37,BlankPage Agency,blankPage-agency,A new project a new BlankPage,"[""Development"",""Design""]",2025-03-14 13:25:25.748,2025-12-06 08:01:22.286,/providers/blankPage-agency/logo.png,false,"[""Our top-tier web development and digital solutions, where excellence is our standard."",""Transform your ideas into reality with BlankPage. Our expert developers deliver sleek, high-performance websites and apps tailored to your business. Experience innovation and excellence with every project."",""Bring your brand to life with BlankPage. Our creative experts deliver striking visuals and innovative designs that captivate your audience. From logos to full brand makeovers, we bring your vision to life with flair and precision.""]","BlankPage is Your partner in a transition to a digital business. We provide custom solutions tailored for your business needs, and help you manage your existing solutions.","10 Mokhtar Abdelhaleem Khalaf Alexandria, Alexandria Governorate, Egypt",29.9704800430423,31.2486111176143,,false,[],[],blankpage-agency.com
a15917e2-c7ea-4c0e-b51e-68a4cc61cd89,Blink22,blink22,Mobile App Development,"[""Development"",""Design""]",2025-03-14 13:25:25.748,2025-12-06 08:01:08.519,/providers/blink22/logo.png,false,"[""\n        We are a web and mobile development company, based in Dubai,\n        that has been turning incredible ideas into innovative\n    "",""\n        With a team of over 100 highly-skilled technology and admin\n        professionals, we work directly with your team to produce\n        world-class apps from conception to launch, allowing you to\n        focus on expanding your business ventures. As a company run by\n        developers for developers, we firmly believe that passion and\n        a keen interest in emerging technologies make the difference\n        between an app and a profitable app.\n    "",""\n        We stay at the forefront of new technologies and we're always\n        studying the next big thing. This way, we can stay flexible\n        and utilize the technologies that best adapt to your project.\n        We are proud to have worked with recognizable clients from 13+\n        different countries.\n    "",""Check out our portfolio to see our past projects and read\n        feedback from clients we've helped grow, expand, and thrive.""]","We are a web and mobile development company, based in Dubai, that has been turning incredible ideas into innovative software for smart companies across the globe since 2015.","1420 Parklane Tower, Business Bay Dubai, United Arab Emirates",30,30,,false,[],[],blink22.com
a9ecf02e-e262-4f1d-a0ce-8ced2eb02b8e,Trend SI,trend-si,GROW YOUR BUSINESS WITH US,"[""Business Services"",""Development""]",2025-03-14 13:25:25.748,2025-12-06 08:00:58.598,/providers/trend-si/logo.png,false,"[""We enable organizations to achieve commercial and operational excellence through consulting and application of open-source technologies ."",""Trend proudly ranks among the leading ERP Implementation service providers in the MENA region."",""Since our inception in 2017, we have successfully executed over 70 Odoo implementation projects."",""Noteworthy is our significant presence in the Real Estate sector, marking it as the most dynamic industry in our portfolio."",""In addition to our skills in Real Estate, we have demonstrated expertise in Retail, Wholesale, Service, and eCommerce projects throughout our operational history."",""We invite you to consider Trend for your ERP needs, where professionalism meets a friendly approach to ensure the success of your projects.""]","Trend is a software house for system Integrations, helps companies to sharpen their moving steps in the digital transformation journey by providing ERP systems, Web solutions, and building Productivity tools.","23 hasan Ma'mon, El ahly club, nasr city, Cairo, Egypt",31.355806632235,30.0706550947999,,false,"[""support@trendsi.com""]",[],trendsi.com
b8a85523-9a21-411c-91d8-d8ad2e4efafd,Rubikal,rubikal,Building Software that Accelerates,"[""Development"",""Design""]",2025-03-14 13:25:25.748,2025-12-06 08:01:09.577,/providers/rubikal/logo.png,false,"[""Rubikal provides exceptional expertise planning and developing real-time, scalable, fault-tolerant mobile and web applications."",""Our product management and engineering team’s sole focus is to design the proper experience and architecture to meet those goals. Over the years, we’ve built and maintained service-oriented architectures using Ruby, Node, and Elixir’s Majestic Monolith.""]",We’re a progressive development firm with state-of-the-art digital solutions.,"696 El Horreya Rd, Loran, 303 Alexandria, Egypt",29.9744786340659,31.2459707652272,,false,"[""sales@rubikal.com"",""info@rubikal.com""]","[""(+971) 582-877-087"",""(020) 102-232 - 0092""]",rubikal.com
ba10ee91-7107-42b1-bf05-10d622b95e48,Odlica,odlica,"AI, ML , and Web Development","[""Development""]",2025-03-14 13:25:25.748,2025-12-06 08:01:26.971,/providers/odlica/logo.png,false,"[""From cost reduction, and efficient utilization of resources to building exciting features and better scalability. All businesses worldwide are adopting AI in one way or another to gain new competitive advantages. Businesses that don't, will simply lose the competition."",""Through our artificial intelligence (AI) and machine learning (ML) capabilities, we are building state-of-the-art machine learning solutions automating most of the human-made processes which reduces cost, enables much faster scalability, provides competitive advantages and higher performance and increases profit margin."",""From cost reduction, and efficient utilization of resources to building exciting features and better scalability. All businesses worldwide are adopting AI in one way or another to gain new competitive advantages. Businesses that don't, will simply lose the competition."",""We innovate with cutting-edge technology, iterate with continuous improvement, to impact the world positively.""]",Don't settle for a one-size-fits-all solution. Let's discuss a solution that is tailored to your specific needs and helps your business unlock the full potential of AI and ML.,"Cairo, Egypt",31.2340908285974,30.044908573678,,false,[],[],odlica.com
c37bf906-ec4e-461d-80cc-3f3dcdb16d84,Iketch,iketch,Wordpress web design company full identity design,"[""Design"",""Development""]",2025-03-14 13:25:25.748,2025-12-06 08:01:23.028,/providers/iketch/logo.png,false,"[""Wordpress web design company full identity design e-store design improve your site's ranking in search engines.""]",Wordpress web design company full identity design e-store design improve your site's ranking in search engines.,"5 Aga, El-Nozha, Cairo, Egypt Egypt",31.338586360291,30.0994653014729,,false,"[""info@iktch.com""]","[""201019095009""]",iketch.com
c5daa645-f9e6-48b8-8f8c-c17144cbf942,AppsTCH,apps-tch,Realize the Value,"[""Business Services"",""Development""]",2025-03-14 13:25:25.748,2025-12-06 08:00:58.962,/providers/apps-tch/logo.png,false,"[""OUR VISSION: To help enterprises, from small and medium sized up to large ones, in the regional market realize their business software value more efficiently and faster thru the provision of value added services in areas of implementation, education and support. Through selective talented and experienced human resources who are dedicated to serving both our clients and community, we aim to run a profitable business that enables us to apply the latest technology and best people to be the leading firm in a highly ethical manner."",""OUR MISSION: To be the first choice of our clients when it comes to choosing their enterprise business applications services provider. Through the recruitment of best experiences and skilled resources coupled with best practices and knowledge, we aim to bridge the gap between our client’s business needs and the available applications platform and deliver tangible results faster and cost effective."",""In today’s economic environment, however, a company’s value depends less on tangible assets and more on intangible ones such as its human capital. Technological Capacity can only be built by people with Human Capacity, who are continuously building up that capacity, through learning and hard work. AppsTCH management team has been carefully looking out for and supporting the ICT industry even before its creation by contributing to the success of their former organizations. We are proud to have on our Team some of Egypt’s most successful entrepreneurs in their fields who will likely to continue their successes through commitment and dedication to our clients’ success."",""We are proposing experienced delivery team members. Their deep knowledge and experience, with the right mix of functional and technical skills, will add depth to the joint team’s work. The set-up of the team, proposing a combination of product experience and industry knowledge will help to achieve this goal. Also being very close to our software vendors as their strategic partner helps to serve as your direct channel into the solutions knowledge resources and will provide insights throughout the course of our cooperation."",""AppsTch have a mutual goal and mandate for success with its clients and partners that we strongly believe it directly affects our reputations and continuity in the marketplace. We know for sure that if you use our solutions successfully to differentiate yourself from the others and provide greater value to your customers we will also be successful. Our existence is tied to your success."",""We believe that our Methodology and the usage of our lessons learned will accelerate knowledge transfer, reduce time between project conceptualization and benefit realization, and will allow our clients more time to focus on key differentiation. The highlights of our approach include our rapid implementation approach based on our clients’ industries’ best practices and a focus on products knowledge transfer thru an on-going learning process. The life cycle of a solution comprises many and varied challenges. We deliver expert, end-to-end support across all phases in the deployment and operation of your software. Our consultants will help you to control quality and risk, handle organizational development and change, and successfully manage your IT projects and programs.""]",AppsTCH is representing major software vendors and the world leading business applications software manufacturers nowadays; SAP and Oracle.,"Villa # 3, Street #29, the 5th Area, 4th District, 5th Settlement, New Cairo, Cairo, Egypt",31.4693105228396,30.0007535269935,,false,"[""alaa.shaarawy@appstechuniverse.com""]",[],appstechuniverse.com
c867a01e-54a0-4d91-900f-a384e261f49e,Razzo Group,razzo-group,Cloud Solutions & Expert Support for IT Solutions,"[""Development""]",2025-03-14 13:25:25.748,2025-12-06 08:01:16.569,/providers/razzo-group/logo.png,false,"[""Elevating Your Business with Cutting-Edge Technology\nFor over 15 years, our team of experienced IT engineers has been at the forefront of technological innovation in Egypt. We understand the ever-evolving needs of businesses and are dedicated to bridging the gap between complex technology."",""Our passion lies in simplifying your IT needs and exceeding your expectations. We utilize a blend of expertise, dedication, and transparency to deliver high-quality solutions that empower your business.and practical solution.""]","We are a group of IT engineers with over 15 years of experience. We wanted to maintain a competitive edge in Egypt by finding and implementing cutting-edge technology. our goal is to manage and support our customers’ needs in order to meet and exceed their expectations. We use our technical expertise to make business needs simple using cloud-based solutions, IT outsourcing, software, and web applications to deliver high-quality service.","21 Victor Amanoiel Square - Right wing - First floor,Smouha, Sidi Gaber, Alexandria, Egypt",29.9459045767221,31.216759043943,,false,"[""info@razzogroupbd.com"",""support@razzogroupbd.com""]","[""8801916276797""]",razzogroupbd.com
d11f23f1-9b9d-45a7-b805-7e40f5ebdd57,Plementus,plementus,Data Management Company,"[""Business Services"",""Development""]",2025-03-14 13:25:25.748,2025-12-06 08:00:54.917,/providers/plementus/logo.png,false,"[""With many years of commitment, our dedication is steadfast in fostering continuous enhancement and growth for our clients' businesses. The collective experience of our dedicated team exceeds 30 years, ensuring that we consistently pave the path towards excellence alongside our valued partners."",""With a deep understanding of modern technology and strong expertise in multiple software development and Odoo implementation, we aim to expand our work scope and become a worldwide leader company not only in the MENA region. That implements and develops custom software solutions tailored to the specific business needs of our clients."",""We strive to Our aim is to exceed clients satisfaction by going beyond their expectations and to provide high-quality software solutions and smart Odoo implementation modules. and assist them along the process, from concept to implementation."",""We believe in a human approach based on trust, transparency and a solution-oriented project management. To succeed in the challenge of your digital transformation, you can count on a multidisciplinary team that combines your needs in front-end and back-end development, to offer your customers a digital experience at the level of the best standards of the market. Odoo Certifications""]","Plementus is a software development company providing integrated software systems to customers across all industries with a special focus on manufacturing,industries with a special focus on e-commerce & retail.","30 Sibaway Elmasry from Anwar Elmofty, Nasr City, Cairo, Egypt",31.4259756647767,30.0158211478683,,false,"[""contact@plementus.com"",""sales@plementus.com"",""info@plementus.com""]","[""971 50 809 4669"",""+20 100 045 5966"",""+966 50 757 9444""]",plementus.com
d245be33-3fbe-4b19-a4bb-a5522cc10f5d,Inova LLC,inova-llC,Top Expert in Mobile & Web development,"[""Development"",""Design""]",2025-03-14 13:25:25.748,2025-12-06 08:01:21.515,/providers/inova-llc/logo.png,false,"[""Inova is a mobile app and web development company, headquartered in Alexandria, Egypt. We have developed an extensive, rich and interactive experience in mobile app development, mobile games development and enterprise web apps since 2011."",""Our specialty is mobile app development; we support various mobile development SDKs and we have developed more than 60 mobile apps in 15 different countries around the world in more than 10 different industries."",""We adopt an Agile development approach to make sure we listen to our clients feedback at each project phase and to minimize the error percentage. We have a dedicated team assigned to provide an  excellent technical support and satisfaction to our valuable clients.""]","Inova is a mobile app and web development company, headquartered in Alexandria, Egypt. We have developed an extensive, rich and interactive experience in mobile app development, mobile games development and enterprise web apps since 2011.","669 Gamal Abd El-Nasir Rd San Stefano., Alexandria, Egypt ",29.9720976608264,31.2446565365568,,false,"[""sales@inovaeg.com"",""info@inovaeg.com""]","[""20 1025065179""]",inovaeg.com
e05217a4-fc07-406d-838f-1f4f7865deae,Mirrorful,mirrorful,Where Your Idea Is Mirrored to Reality,"[""Development"",""Design""]",2025-03-14 13:25:25.748,2025-12-06 08:01:07.428,/providers/mirrorful/logo.png,false,"[""Mirrorful is a forward-thinking software company passionate about crafting extraordinary digital experiences that bring your brand’s vision to life. With a talented team of experts, we serve as the trusted mirror that reflects your ideas into reality, creating a lasting impact in the digital world.\n\n"",""Our extensive suite of services includes branding, UX/UI design, website and eCommerce development, as well as mobile and web applications—each tailored to elevate your brand and captivate your audience.\n\n"",""At Mirrorful, we are dedicated to delivering digital solutions that are visually stunning, highly intuitive, and strategically impactful. Every project we undertake is meticulously designed to be a perfect reflection of your brand’s identity and core values, empowering your business to thrive in today’s ever-evolving digital landscape.\n\n"",""Trust us to be the mirror that reflects your business goals.\n\n""]","From Branding to Web and Mobile Apps
We offer solutions tailored to your business","Villa 107, Omar makram street, Narges 8, Cairo, Cairo Government.",31.4631085603744,30.0026665776828,,false,"[""support@mirrorful.io"",""engineering@mirrorful.io""]",[],mirrorful.io
e199cdd4-082d-4b7f-94e8-fbc9f1e3ee93,Micro Details,micro-details,A detail-oriented marketing agency,"[""Marketing"",""Development""]",2025-03-14 13:25:25.748,2025-12-06 08:01:14.826,/providers/micro-details/logo.png,false,"[""Micro Details is a detail-oriented marketing agency based in Saudi Arabia.We started our journey when we experienced the reach and impact of digital marketing on brands. The marketeers focus on ‘details’, but our team is passionate about ‘micro details’. We started this company so we can continue to analyze and use these details to create unique and successful marketing campaigns for our clients.""]","Micro Details is a detail-oriented marketing agency based in Saudi Arabia, United Arab Emirates, and Egypt.","Abi Al Fath Al Antaki Street, Al Andalus District, Jeddah 23322, KSA",39.1467653644181,21.5477197902239,,false,[],[],superbcompanies.com
e5d7ee4b-d59c-4528-8f2e-49a36a243d49,Bright Brains Information Technology,bright-brains-information-technology,Best Mobile App & Web Development Partner in GCC,"[""Development"",""Marketing""]",2025-03-14 13:25:25.748,2025-12-06 08:01:09.992,/providers/bright-brains-information-technology/logo.png,false,"[""Welcome to Bright Brains, your \""industry leading\"" digital design and development firm. We are looking to help businesses showcase their best goods, services, and products through an exceptional mobile application development, innovative web designs and development, and cutting-edge social media marketing and advertising specifically designed to connect you with your target audiences on a deeper level than ever before."",""Our aspiration: As technology continuous to evolve, our commitment is to always progress forward towards a new era of development, growth, and productivity."",""Our Promise: To provide best value for the cost, Wide offering of services and solutions, Understand client's needs and provide Best experience."",""Mission: Serving our customers and consumers worldwide as the most trusted partner by providing the best experience, Progressive digital solutions, Innovative designs and excellence in development as a passionate team united by shared values.We exhibit a strong will-to-win in the marketplace and in every aspect of our business."",""Values:Our four core values are: Ethics, Synergy, Excellence and Niche. We put our customersandconsumers at the center of what we do."",""In order to offer the best digital solutions and innovative products, as well as the highest quality and outstanding service, we believe that it is vital to understand our customer's better than anyone else."",""We anticipate, respond to exceed our customer's expectations by providing the best value, quality, service and winning innovations, brands and digitalization to create sustainable value."",""Financial Goals: To increase the value of organization year after year, Ensure sustainability, diversify and increase revenue streams.""]",Bright Brains Professional Services works with all IT service departments to move to a modern mechanism of measuring IT performance.,"Dubai, Al Barsha 1, Rasis Busines Center, 3rd floor",55.2601242797625,25.1864371264695,,false,"[""info@brightbrainsit.com"",""support@brightbrainsit.com""]","[""971 58 600 3365"",""+97144396271"",""+971557452798""]",brightbrainsit.com
ea647b4f-7d01-46e3-a93b-b9b448fb4939,webkeyz,webkeyz,An Innovation & Experience Design Firm,"[""Development"",""Design"",""Marketing""]",2025-03-14 13:25:25.748,2025-12-06 08:01:23.373,/providers/webkeyz/logo.png,false,"[""MENA’s Innovation Powerhouse. webkeyz crafts award-winning experiences with UX/UI & drives measurable results through innovation. We’re closer than you think - USA, KSA, Cairo."",""We have designed & developed over 260 solutions, delighting clients from Fortune 500s to startups, from business needs to impact & ROI."",""we don’t enter any business relationship unless we know we’re adding value. We want to bring value to the table, no matter how big or small the project is. If we can’t, then we courteously decline."",""We’re in the business of impacting people’s lives. We adopt a holistic approach regarding our work’s impact on the business. Our work extends from one end of an organization and propagates to affect people throughout."",""Viewing our partnerships as strict vendor-client relationships limits the value of what we offer. We strive to create impact beyond the business transaction, maximizing value and unleashing unimaginable potential.""]",Research-driven design and innovation consulting firm disrupting how the world works.,"2 Al Imam Abo Hanefa St., Nasr City , Cairo, Egypt",31.3269409018822,30.0505073636421,,false,[],[],webkeyz.com
ee5c2bb9-a5ad-4084-a303-ed3241c0d74b,Perfect-Tech,perfect-tech,Innovative ERP solutions for modern businesses,"[""Business Services"",""Development""]",2025-03-14 13:25:25.748,2025-12-06 08:00:55.773,/providers/perfect-tech/logo.png,false,"[""Perfect-Tech is a rising Egyptian company with a group of expert consultants & developers, that specialize in digital transformation, ERP implementation and software development, striving to simplify businesses through out-of-the-box solutions for our customers."",""Perfect Tech is a startup company from Egypt made up of a team of consultants and developers specializing in digital transformation, ERP implementation, and software development. We're all about simplifying business with ready-made solutions for our clients."",""What can we do with Odoo?"",""Odoo lets you manage all the company's departments, including sales management, marketing management, human resources management, financial management, warehouse management, and operations management."",""In addition to managing departments, Odoo lets you create a website and an e-commerce platform."",""With Odoo, businesses can integrate multiple functions and streamline operations within a single platform, boosting overall efficiency and productivity."",""Our Service:"",""We have highly skilled and talented Odoo developers to build custom Odoo modules for you and customize your Odoo setup. Our large team of IT experts is ready to assist you. We ensure that all Odoo modules are built the right way and our customers are 100% satisfied with our service."",""A website helps people find your business online, making it easier for potential customers to discover your products or services."",""The application helps you find your business via phones, making it easier for potential customers to discover your products or services.""]",Perfect-Tech offers professional implementation of Enterprise Resource Planning (ERP) to streamline your operations and boost efficiency. Rely on our team for tailored solutions that drive digital transformation.,"18 Ibrahim El-Refaey, Al Manteqah Ath Thamenah, Nasr City, Cairo Governorate, Egypt",31.349400139987,30.0523609962317,,false,[],[],pt-ksa.com
f10a1cb9-6e71-4f9c-bade-e3263bb3e16b,Design Beats Inc.,design-beats-inc,A global Design and Development Agency,"[""Development"",""Design""]",2025-03-14 13:25:25.748,2025-12-06 08:01:12.803,/providers/design-beats-inc/logo.png,false,"[""We're more than just awards and accolades – we're passionate innovators driven to create cutting-edge design and development solutions. We bring your brand vision to life, exceeding expectations with a fresh perspective and a relentless pursuit of excellence. Let's ignite your brand's potential together."",""Unlocking the potential of imagination, we're the architects of your tomorrow."",""We work with you to create user-friendly user experiences that are easy on the eye, give your brand an identity that stands out. Build intuitive apps and websites to drive growth, and innovate visual concepts fit for the future.""]","Full-service agency that designs and develops impressive digital products, strong brands, and memorable experiences.","North Showayfat, Cairo, Egypt",31.4060652138115,30.004435477869,,false,[],[],superbcompanies.com
fae6e5b8-3920-4535-adbd-7b57e9b17381,Revamp Consulting,revamp-consulting,Shopify Development Partner & eCommerce Experts,"[""Development""]",2025-03-14 13:25:25.748,2025-12-06 08:01:14.465,/providers/revamp-consulting/logo.png,false,"[""Done it ourselves: 450+ reviews for our Shopify apps, for more than 10,000 Shopify & Shopify Plus customers."",""Award Winning: Clutch Global 2023, Clutch 1000, Top eCommerce App Developer 2023."",""Time to market: faster time to market, frequent sprints, 100% code ownership."",""Technology that scales: Use latest tech Node.js, Next.js, MongoDB & Netlify""]",We help eCommerce brands scale on Shopify & Shopify Plus. Officially recognized Shopify experts since 2014.,"23 Doctor El Batrawy, Cairo, Egypt",31.335412986975,30.0618499520145,,false,"[""apps@revampco.com""]","[""20 1007699079""]",revampco.com
ff2b27ed-c09a-4af9-b5fa-24dce020c360,Diamond Vision,diamon-vision,IT & Business Solutions,"[""Business Services"",""Development""]",2025-03-14 13:25:25.748,2025-12-06 08:00:58.18,/providers/diamon-vision/logo.png,false,"[""The company was established in 2011 with the objective of providing various solutions and services in the area of business management and information technology based on our experience and understanding of business needs."",""Our vision: Assisting businesses in making sound technical decisions by providing them with the best technical tools and services."",""Our Goals: To help small and medium businesses grow better and faster by providing world-class solutions and services at the lowest possible cost. ""]",We are specialized in business management systems and web solutions. The company was established in 2011 with the objective of providing various solutions and services in the area of business management and information technology based on our experience and understanding of business needs.,"1st floor, Building 1, Street 75, Maadi, Cairo Governorate, Egypt",31.256459975765,29.9647200041676,,false,"[""info@dvit.me""]","[""0201000638218"",""0223805122""]",dvit.me
